"alternate_names","authored_book_work_ids","canonical_name","contributed_work_ids","current_organization_reference","current_role","current_role_freshness_status","current_role_source","current_role_verified_at","disclosure","display_name","expertise_topics","external_identifiers","historical_roles","human_review_status","languages","machine_review_status","name_disambiguation_note","operating_markets","person_depth","person_id","professional_geographies","proposition_relationships","provenance","public_profile_eligibility","relationship_to_off","reviewed_at","reviewed_by","revision_history","role_at_source_time","source_ids","statement_ids","verification_status","workflow_status"
"[""Amy Schillingla""]","[]","Amy Shillinglaw","[]","orgref-sailpoint","Technical Advocate / Technical Educator","current_official_profile","https://go.sailpoint.com/onboarding-ai-agents-with-sailPoint-connectors.html","2026-08-15","SailPoint employee presenting SailPoint products; vendor affiliation is material to every extracted statement.","Amy Shillinglaw","[""topic-ai-agents"",""topic-cybersecurity"",""topic-non-human-identity"",""topic-enterprise-infrastructure""]","{""sailpoint_community_handle"":""amy_shillinglaw""}","[]","approved","[""lang-en""]","ready_for_human_review","Caption misspelling corrected from official SailPoint speaker metadata and self-identification.","[""geo-global""]","substantive","person-amy-shillinglaw","[]","[]","[{""source_url"":""https://go.sailpoint.com/governing-ai-agents-with-agent-identity-security.html"",""accessed_at"":""2026-08-15"",""retrieval_method"":""official speaker page, recording self-identification, and speaker-labeled captions"",""exact_locator"":""00:03-02:19"",""content_hash"":null,""batch_id"":""BATCH-2026-004"",""prompt_id"":""OEII-MEDIA-RESEARCH"",""prompt_version"":""2.0"",""notes"":""Kirby Fitch is explicitly absent; Paul Patti is not audible.""}]","false","none","2026-08-16T23:17:22Z","Murray Newlands","[{""changed_at"":""2026-08-16T23:17:22Z"",""changed_by"":""Murray Newlands"",""summary"":""Approved for the governed-identities pilot release under the exact scope, exclusions, rights treatment, and limitations recorded in issue #18."",""batch_id"":""BATCH-2026-004""}]","[{""source_id"":""source-sailpoint-governing-ai-agents-2025"",""role"":""Technical Advocate and sole on-record presenter"",""organization_reference"":""orgref-sailpoint""}]","[""source-sailpoint-governing-ai-agents-2025""]","[""statement-BATCH-2026-004-011"",""statement-BATCH-2026-004-012"",""statement-BATCH-2026-004-013"",""statement-BATCH-2026-004-014"",""statement-BATCH-2026-004-015"",""statement-BATCH-2026-004-016"",""statement-BATCH-2026-004-017"",""statement-BATCH-2026-004-018""]","identity_and_current_role_verified","published"
"[]","[""book-work-BATCH-2026-002-001""]","Daniel Feldman","[]","null","null","not_researched","null","null","Staging author identity candidate; named-human identity review pending.","Daniel Feldman","[""identity-and-access-management""]","{""official_profile_url"":null,""author_attribution_url"":""https://spiffe.io/book/""}","[]","approved","[]","ready_for_human_review","Verified only as the named author of the linked work; current role and broader identity profile were not inferred.","[]","identity_record","person-BATCH-2026-002-001","[]","[]","[{""source_url"":""https://spiffe.io/book/"",""accessed_at"":""2026-08-15"",""retrieval_method"":""Official publisher, project, or author-hosted bibliographic page inspected through public web access"",""exact_locator"":""Official work page author attribution"",""content_hash"":null,""batch_id"":""BATCH-2026-002"",""prompt_id"":""OEII-BOOK-METADATA"",""prompt_version"":""2.0"",""notes"":""Author candidate 1 of 30; current role not researched.""}]","false","none_identified","2026-08-16T23:17:22Z","Murray Newlands","[{""changed_at"":""2026-08-16T23:17:22Z"",""changed_by"":""Murray Newlands"",""summary"":""Approved for the governed-identities pilot release under the exact scope, exclusions, rights treatment, and limitations recorded in issue #18."",""batch_id"":""BATCH-2026-002""}]","[]","[]","[]","verified_as_named_author_on_official_work_source","published"
"[]","[""book-work-BATCH-2026-002-001""]","Emily Fox","[]","null","null","not_researched","null","null","Staging author identity candidate; named-human identity review pending.","Emily Fox","[""identity-and-access-management""]","{""official_profile_url"":null,""author_attribution_url"":""https://spiffe.io/book/""}","[]","approved","[]","ready_for_human_review","Verified only as the named author of the linked work; current role and broader identity profile were not inferred.","[]","identity_record","person-BATCH-2026-002-002","[]","[]","[{""source_url"":""https://spiffe.io/book/"",""accessed_at"":""2026-08-15"",""retrieval_method"":""Official publisher, project, or author-hosted bibliographic page inspected through public web access"",""exact_locator"":""Official work page author attribution"",""content_hash"":null,""batch_id"":""BATCH-2026-002"",""prompt_id"":""OEII-BOOK-METADATA"",""prompt_version"":""2.0"",""notes"":""Author candidate 2 of 30; current role not researched.""}]","false","none_identified","2026-08-16T23:17:22Z","Murray Newlands","[{""changed_at"":""2026-08-16T23:17:22Z"",""changed_by"":""Murray Newlands"",""summary"":""Approved for the governed-identities pilot release under the exact scope, exclusions, rights treatment, and limitations recorded in issue #18."",""batch_id"":""BATCH-2026-002""}]","[]","[]","[]","verified_as_named_author_on_official_work_source","published"
"[]","[""book-work-BATCH-2026-002-001"",""book-work-BATCH-2026-002-002""]","Evan Gilman","[]","null","null","not_researched","null","null","Staging author identity candidate; named-human identity review pending.","Evan Gilman","[""identity-and-access-management""]","{""official_profile_url"":null,""author_attribution_url"":""https://spiffe.io/book/""}","[]","approved","[]","ready_for_human_review","Verified only as the named author of the linked work; current role and broader identity profile were not inferred.","[]","identity_record","person-BATCH-2026-002-003","[]","[]","[{""source_url"":""https://spiffe.io/book/"",""accessed_at"":""2026-08-15"",""retrieval_method"":""Official publisher, project, or author-hosted bibliographic page inspected through public web access"",""exact_locator"":""Official work page author attribution"",""content_hash"":null,""batch_id"":""BATCH-2026-002"",""prompt_id"":""OEII-BOOK-METADATA"",""prompt_version"":""2.0"",""notes"":""Author candidate 3 of 30; current role not researched.""}]","false","none_identified","2026-08-16T23:17:22Z","Murray Newlands","[{""changed_at"":""2026-08-16T23:17:22Z"",""changed_by"":""Murray Newlands"",""summary"":""Approved for the governed-identities pilot release under the exact scope, exclusions, rights treatment, and limitations recorded in issue #18."",""batch_id"":""BATCH-2026-002""}]","[]","[]","[]","verified_as_named_author_on_official_work_source","published"
"[]","[""book-work-BATCH-2026-002-001""]","Ian Haken","[]","null","null","not_researched","null","null","Staging author identity candidate; named-human identity review pending.","Ian Haken","[""identity-and-access-management""]","{""official_profile_url"":null,""author_attribution_url"":""https://spiffe.io/book/""}","[]","approved","[]","ready_for_human_review","Verified only as the named author of the linked work; current role and broader identity profile were not inferred.","[]","identity_record","person-BATCH-2026-002-004","[]","[]","[{""source_url"":""https://spiffe.io/book/"",""accessed_at"":""2026-08-15"",""retrieval_method"":""Official publisher, project, or author-hosted bibliographic page inspected through public web access"",""exact_locator"":""Official work page author attribution"",""content_hash"":null,""batch_id"":""BATCH-2026-002"",""prompt_id"":""OEII-BOOK-METADATA"",""prompt_version"":""2.0"",""notes"":""Author candidate 4 of 30; current role not researched.""}]","false","none_identified","2026-08-16T23:17:22Z","Murray Newlands","[{""changed_at"":""2026-08-16T23:17:22Z"",""changed_by"":""Murray Newlands"",""summary"":""Approved for the governed-identities pilot release under the exact scope, exclusions, rights treatment, and limitations recorded in issue #18."",""batch_id"":""BATCH-2026-002""}]","[]","[]","[]","verified_as_named_author_on_official_work_source","published"
"[]","[""book-work-BATCH-2026-002-001""]","Frederick Kautz","[]","null","null","not_researched","null","null","Staging author identity candidate; named-human identity review pending.","Frederick Kautz","[""identity-and-access-management""]","{""official_profile_url"":null,""author_attribution_url"":""https://spiffe.io/book/""}","[]","approved","[]","ready_for_human_review","Verified only as the named author of the linked work; current role and broader identity profile were not inferred.","[]","identity_record","person-BATCH-2026-002-005","[]","[]","[{""source_url"":""https://spiffe.io/book/"",""accessed_at"":""2026-08-15"",""retrieval_method"":""Official publisher, project, or author-hosted bibliographic page inspected through public web access"",""exact_locator"":""Official work page author attribution"",""content_hash"":null,""batch_id"":""BATCH-2026-002"",""prompt_id"":""OEII-BOOK-METADATA"",""prompt_version"":""2.0"",""notes"":""Author candidate 5 of 30; current role not researched.""}]","false","none_identified","2026-08-16T23:17:22Z","Murray Newlands","[{""changed_at"":""2026-08-16T23:17:22Z"",""changed_by"":""Murray Newlands"",""summary"":""Approved for the governed-identities pilot release under the exact scope, exclusions, rights treatment, and limitations recorded in issue #18."",""batch_id"":""BATCH-2026-002""}]","[]","[]","[]","verified_as_named_author_on_official_work_source","published"
"[]","[""book-work-BATCH-2026-002-001""]","Umair Khan","[]","null","null","not_researched","null","null","Staging author identity candidate; named-human identity review pending.","Umair Khan","[""identity-and-access-management""]","{""official_profile_url"":null,""author_attribution_url"":""https://spiffe.io/book/""}","[]","approved","[]","ready_for_human_review","Verified only as the named author of the linked work; current role and broader identity profile were not inferred.","[]","identity_record","person-BATCH-2026-002-006","[]","[]","[{""source_url"":""https://spiffe.io/book/"",""accessed_at"":""2026-08-15"",""retrieval_method"":""Official publisher, project, or author-hosted bibliographic page inspected through public web access"",""exact_locator"":""Official work page author attribution"",""content_hash"":null,""batch_id"":""BATCH-2026-002"",""prompt_id"":""OEII-BOOK-METADATA"",""prompt_version"":""2.0"",""notes"":""Author candidate 6 of 30; current role not researched.""}]","false","none_identified","2026-08-16T23:17:22Z","Murray Newlands","[{""changed_at"":""2026-08-16T23:17:22Z"",""changed_by"":""Murray Newlands"",""summary"":""Approved for the governed-identities pilot release under the exact scope, exclusions, rights treatment, and limitations recorded in issue #18."",""batch_id"":""BATCH-2026-002""}]","[]","[]","[]","verified_as_named_author_on_official_work_source","published"
"[]","[""book-work-BATCH-2026-002-001""]","Max Lambrecht","[]","null","null","not_researched","null","null","Staging author identity candidate; named-human identity review pending.","Max Lambrecht","[""identity-and-access-management""]","{""official_profile_url"":null,""author_attribution_url"":""https://spiffe.io/book/""}","[]","approved","[]","ready_for_human_review","Verified only as the named author of the linked work; current role and broader identity profile were not inferred.","[]","identity_record","person-BATCH-2026-002-007","[]","[]","[{""source_url"":""https://spiffe.io/book/"",""accessed_at"":""2026-08-15"",""retrieval_method"":""Official publisher, project, or author-hosted bibliographic page inspected through public web access"",""exact_locator"":""Official work page author attribution"",""content_hash"":null,""batch_id"":""BATCH-2026-002"",""prompt_id"":""OEII-BOOK-METADATA"",""prompt_version"":""2.0"",""notes"":""Author candidate 7 of 30; current role not researched.""}]","false","none_identified","2026-08-16T23:17:22Z","Murray Newlands","[{""changed_at"":""2026-08-16T23:17:22Z"",""changed_by"":""Murray Newlands"",""summary"":""Approved for the governed-identities pilot release under the exact scope, exclusions, rights treatment, and limitations recorded in issue #18."",""batch_id"":""BATCH-2026-002""}]","[]","[]","[]","verified_as_named_author_on_official_work_source","published"
"[]","[""book-work-BATCH-2026-002-001""]","Brandon Lum","[]","null","null","not_researched","null","null","Staging author identity candidate; named-human identity review pending.","Brandon Lum","[""identity-and-access-management""]","{""official_profile_url"":null,""author_attribution_url"":""https://spiffe.io/book/""}","[]","approved","[]","ready_for_human_review","Verified only as the named author of the linked work; current role and broader identity profile were not inferred.","[]","identity_record","person-BATCH-2026-002-008","[]","[]","[{""source_url"":""https://spiffe.io/book/"",""accessed_at"":""2026-08-15"",""retrieval_method"":""Official publisher, project, or author-hosted bibliographic page inspected through public web access"",""exact_locator"":""Official work page author attribution"",""content_hash"":null,""batch_id"":""BATCH-2026-002"",""prompt_id"":""OEII-BOOK-METADATA"",""prompt_version"":""2.0"",""notes"":""Author candidate 8 of 30; current role not researched.""}]","false","none_identified","2026-08-16T23:17:22Z","Murray Newlands","[{""changed_at"":""2026-08-16T23:17:22Z"",""changed_by"":""Murray Newlands"",""summary"":""Approved for the governed-identities pilot release under the exact scope, exclusions, rights treatment, and limitations recorded in issue #18."",""batch_id"":""BATCH-2026-002""}]","[]","[]","[]","verified_as_named_author_on_official_work_source","published"
"[""Agustin Martinez Fayo""]","[""book-work-BATCH-2026-002-001""]","Agustín Martínez Fayó","[]","null","null","not_researched","null","null","Staging author identity candidate; named-human identity review pending.","Agustín Martínez Fayó","[""identity-and-access-management""]","{""official_profile_url"":null,""author_attribution_url"":""https://spiffe.io/book/""}","[]","approved","[]","ready_for_human_review","Verified only as the named author of the linked work; current role and broader identity profile were not inferred.","[]","identity_record","person-BATCH-2026-002-009","[]","[]","[{""source_url"":""https://spiffe.io/book/"",""accessed_at"":""2026-08-15"",""retrieval_method"":""Official publisher, project, or author-hosted bibliographic page inspected through public web access"",""exact_locator"":""Official work page author attribution"",""content_hash"":null,""batch_id"":""BATCH-2026-002"",""prompt_id"":""OEII-BOOK-METADATA"",""prompt_version"":""2.0"",""notes"":""Author candidate 9 of 30; current role not researched.""}]","false","none_identified","2026-08-16T23:17:22Z","Murray Newlands","[{""changed_at"":""2026-08-16T23:17:22Z"",""changed_by"":""Murray Newlands"",""summary"":""Approved for the governed-identities pilot release under the exact scope, exclusions, rights treatment, and limitations recorded in issue #18."",""batch_id"":""BATCH-2026-002""}]","[]","[]","[]","verified_as_named_author_on_official_work_source","published"
"[]","[""book-work-BATCH-2026-002-001""]","Eli Nesterov","[]","null","null","not_researched","null","null","Staging author identity candidate; named-human identity review pending.","Eli Nesterov","[""identity-and-access-management""]","{""official_profile_url"":null,""author_attribution_url"":""https://spiffe.io/book/""}","[]","approved","[]","ready_for_human_review","Verified only as the named author of the linked work; current role and broader identity profile were not inferred.","[]","identity_record","person-BATCH-2026-002-010","[]","[]","[{""source_url"":""https://spiffe.io/book/"",""accessed_at"":""2026-08-15"",""retrieval_method"":""Official publisher, project, or author-hosted bibliographic page inspected through public web access"",""exact_locator"":""Official work page author attribution"",""content_hash"":null,""batch_id"":""BATCH-2026-002"",""prompt_id"":""OEII-BOOK-METADATA"",""prompt_version"":""2.0"",""notes"":""Author candidate 10 of 30; current role not researched.""}]","false","none_identified","2026-08-16T23:17:22Z","Murray Newlands","[{""changed_at"":""2026-08-16T23:17:22Z"",""changed_by"":""Murray Newlands"",""summary"":""Approved for the governed-identities pilot release under the exact scope, exclusions, rights treatment, and limitations recorded in issue #18."",""batch_id"":""BATCH-2026-002""}]","[]","[]","[]","verified_as_named_author_on_official_work_source","published"
"[""Andres Vega""]","[""book-work-BATCH-2026-002-001""]","Andrés Vega","[]","null","null","not_researched","null","null","Staging author identity candidate; named-human identity review pending.","Andrés Vega","[""identity-and-access-management""]","{""official_profile_url"":null,""author_attribution_url"":""https://spiffe.io/book/""}","[]","approved","[]","ready_for_human_review","Verified only as the named author of the linked work; current role and broader identity profile were not inferred.","[]","identity_record","person-BATCH-2026-002-011","[]","[]","[{""source_url"":""https://spiffe.io/book/"",""accessed_at"":""2026-08-15"",""retrieval_method"":""Official publisher, project, or author-hosted bibliographic page inspected through public web access"",""exact_locator"":""Official work page author attribution"",""content_hash"":null,""batch_id"":""BATCH-2026-002"",""prompt_id"":""OEII-BOOK-METADATA"",""prompt_version"":""2.0"",""notes"":""Author candidate 11 of 30; current role not researched.""}]","false","none_identified","2026-08-16T23:17:22Z","Murray Newlands","[{""changed_at"":""2026-08-16T23:17:22Z"",""changed_by"":""Murray Newlands"",""summary"":""Approved for the governed-identities pilot release under the exact scope, exclusions, rights treatment, and limitations recorded in issue #18."",""batch_id"":""BATCH-2026-002""}]","[]","[]","[]","verified_as_named_author_on_official_work_source","published"
"[]","[""book-work-BATCH-2026-002-001""]","Michael Wardrop","[]","null","null","not_researched","null","null","Staging author identity candidate; named-human identity review pending.","Michael Wardrop","[""identity-and-access-management""]","{""official_profile_url"":null,""author_attribution_url"":""https://spiffe.io/book/""}","[]","approved","[]","ready_for_human_review","Verified only as the named author of the linked work; current role and broader identity profile were not inferred.","[]","identity_record","person-BATCH-2026-002-012","[]","[]","[{""source_url"":""https://spiffe.io/book/"",""accessed_at"":""2026-08-15"",""retrieval_method"":""Official publisher, project, or author-hosted bibliographic page inspected through public web access"",""exact_locator"":""Official work page author attribution"",""content_hash"":null,""batch_id"":""BATCH-2026-002"",""prompt_id"":""OEII-BOOK-METADATA"",""prompt_version"":""2.0"",""notes"":""Author candidate 12 of 30; current role not researched.""}]","false","none_identified","2026-08-16T23:17:22Z","Murray Newlands","[{""changed_at"":""2026-08-16T23:17:22Z"",""changed_by"":""Murray Newlands"",""summary"":""Approved for the governed-identities pilot release under the exact scope, exclusions, rights treatment, and limitations recorded in issue #18."",""batch_id"":""BATCH-2026-002""}]","[]","[]","[]","verified_as_named_author_on_official_work_source","published"
"[]","[""book-work-BATCH-2026-002-002""]","Razi Rais","[]","null","null","not_researched","null","null","Staging author identity candidate; named-human identity review pending.","Razi Rais","[""identity-and-access-management""]","{""official_profile_url"":null,""author_attribution_url"":""https://www.oreilly.com/library/view/zero-trust-networks/9781492096580/titlepage01.html""}","[]","approved","[]","ready_for_human_review","Verified only as the named author of the linked work; current role and broader identity profile were not inferred.","[]","identity_record","person-BATCH-2026-002-013","[]","[]","[{""source_url"":""https://www.oreilly.com/library/view/zero-trust-networks/9781492096580/titlepage01.html"",""accessed_at"":""2026-08-15"",""retrieval_method"":""Official publisher, project, or author-hosted bibliographic page inspected through public web access"",""exact_locator"":""Official work page author attribution"",""content_hash"":null,""batch_id"":""BATCH-2026-002"",""prompt_id"":""OEII-BOOK-METADATA"",""prompt_version"":""2.0"",""notes"":""Author candidate 13 of 30; current role not researched.""}]","false","none_identified","2026-08-16T23:17:22Z","Murray Newlands","[{""changed_at"":""2026-08-16T23:17:22Z"",""changed_by"":""Murray Newlands"",""summary"":""Approved for the governed-identities pilot release under the exact scope, exclusions, rights treatment, and limitations recorded in issue #18."",""batch_id"":""BATCH-2026-002""}]","[]","[]","[]","verified_as_named_author_on_official_work_source","published"
"[]","[""book-work-BATCH-2026-002-002""]","Christina Morillo","[]","null","null","not_researched","null","null","Staging author identity candidate; named-human identity review pending.","Christina Morillo","[""identity-and-access-management""]","{""official_profile_url"":null,""author_attribution_url"":""https://www.oreilly.com/library/view/zero-trust-networks/9781492096580/titlepage01.html""}","[]","approved","[]","ready_for_human_review","Verified only as the named author of the linked work; current role and broader identity profile were not inferred.","[]","identity_record","person-BATCH-2026-002-014","[]","[]","[{""source_url"":""https://www.oreilly.com/library/view/zero-trust-networks/9781492096580/titlepage01.html"",""accessed_at"":""2026-08-15"",""retrieval_method"":""Official publisher, project, or author-hosted bibliographic page inspected through public web access"",""exact_locator"":""Official work page author attribution"",""content_hash"":null,""batch_id"":""BATCH-2026-002"",""prompt_id"":""OEII-BOOK-METADATA"",""prompt_version"":""2.0"",""notes"":""Author candidate 14 of 30; current role not researched.""}]","false","none_identified","2026-08-16T23:17:22Z","Murray Newlands","[{""changed_at"":""2026-08-16T23:17:22Z"",""changed_by"":""Murray Newlands"",""summary"":""Approved for the governed-identities pilot release under the exact scope, exclusions, rights treatment, and limitations recorded in issue #18."",""batch_id"":""BATCH-2026-002""}]","[]","[]","[]","verified_as_named_author_on_official_work_source","published"
"[]","[""book-work-BATCH-2026-002-002""]","Doug Barth","[]","null","null","not_researched","null","null","Staging author identity candidate; named-human identity review pending.","Doug Barth","[""identity-and-access-management""]","{""official_profile_url"":null,""author_attribution_url"":""https://www.oreilly.com/library/view/zero-trust-networks/9781492096580/titlepage01.html""}","[]","approved","[]","ready_for_human_review","Verified only as the named author of the linked work; current role and broader identity profile were not inferred.","[]","identity_record","person-BATCH-2026-002-015","[]","[]","[{""source_url"":""https://www.oreilly.com/library/view/zero-trust-networks/9781492096580/titlepage01.html"",""accessed_at"":""2026-08-15"",""retrieval_method"":""Official publisher, project, or author-hosted bibliographic page inspected through public web access"",""exact_locator"":""Official work page author attribution"",""content_hash"":null,""batch_id"":""BATCH-2026-002"",""prompt_id"":""OEII-BOOK-METADATA"",""prompt_version"":""2.0"",""notes"":""Author candidate 15 of 30; current role not researched.""}]","false","none_identified","2026-08-16T23:17:22Z","Murray Newlands","[{""changed_at"":""2026-08-16T23:17:22Z"",""changed_by"":""Murray Newlands"",""summary"":""Approved for the governed-identities pilot release under the exact scope, exclusions, rights treatment, and limitations recorded in issue #18."",""batch_id"":""BATCH-2026-002""}]","[]","[]","[]","verified_as_named_author_on_official_work_source","published"
"[]","[""book-work-BATCH-2026-002-003""]","Justin Richer","[]","null","null","not_researched","null","null","Staging author identity candidate; named-human identity review pending.","Justin Richer","[""identity-and-access-management""]","{""official_profile_url"":null,""author_attribution_url"":""https://www.manning.com/books/oauth-2-in-action""}","[]","approved","[]","ready_for_human_review","Verified only as the named author of the linked work; current role and broader identity profile were not inferred.","[]","identity_record","person-BATCH-2026-002-016","[]","[]","[{""source_url"":""https://www.manning.com/books/oauth-2-in-action"",""accessed_at"":""2026-08-15"",""retrieval_method"":""Official publisher, project, or author-hosted bibliographic page inspected through public web access"",""exact_locator"":""Official work page author attribution"",""content_hash"":null,""batch_id"":""BATCH-2026-002"",""prompt_id"":""OEII-BOOK-METADATA"",""prompt_version"":""2.0"",""notes"":""Author candidate 16 of 30; current role not researched.""}]","false","none_identified","2026-08-16T23:17:22Z","Murray Newlands","[{""changed_at"":""2026-08-16T23:17:22Z"",""changed_by"":""Murray Newlands"",""summary"":""Approved for the governed-identities pilot release under the exact scope, exclusions, rights treatment, and limitations recorded in issue #18."",""batch_id"":""BATCH-2026-002""}]","[]","[]","[]","verified_as_named_author_on_official_work_source","published"
"[]","[""book-work-BATCH-2026-002-003""]","Antonio Sanso","[]","null","null","not_researched","null","null","Staging author identity candidate; named-human identity review pending.","Antonio Sanso","[""identity-and-access-management""]","{""official_profile_url"":null,""author_attribution_url"":""https://www.manning.com/books/oauth-2-in-action""}","[]","approved","[]","ready_for_human_review","Verified only as the named author of the linked work; current role and broader identity profile were not inferred.","[]","identity_record","person-BATCH-2026-002-017","[]","[]","[{""source_url"":""https://www.manning.com/books/oauth-2-in-action"",""accessed_at"":""2026-08-15"",""retrieval_method"":""Official publisher, project, or author-hosted bibliographic page inspected through public web access"",""exact_locator"":""Official work page author attribution"",""content_hash"":null,""batch_id"":""BATCH-2026-002"",""prompt_id"":""OEII-BOOK-METADATA"",""prompt_version"":""2.0"",""notes"":""Author candidate 17 of 30; current role not researched.""}]","false","none_identified","2026-08-16T23:17:22Z","Murray Newlands","[{""changed_at"":""2026-08-16T23:17:22Z"",""changed_by"":""Murray Newlands"",""summary"":""Approved for the governed-identities pilot release under the exact scope, exclusions, rights treatment, and limitations recorded in issue #18."",""batch_id"":""BATCH-2026-002""}]","[]","[]","[]","verified_as_named_author_on_official_work_source","published"
"[]","[""book-work-BATCH-2026-002-004""]","Neil Madden","[]","null","null","not_researched","null","null","Staging author identity candidate; named-human identity review pending.","Neil Madden","[""identity-and-access-management""]","{""official_profile_url"":null,""author_attribution_url"":""https://www.manning.com/books/api-security-in-action""}","[]","approved","[]","ready_for_human_review","Verified only as the named author of the linked work; current role and broader identity profile were not inferred.","[]","identity_record","person-BATCH-2026-002-018","[]","[]","[{""source_url"":""https://www.manning.com/books/api-security-in-action"",""accessed_at"":""2026-08-15"",""retrieval_method"":""Official publisher, project, or author-hosted bibliographic page inspected through public web access"",""exact_locator"":""Official work page author attribution"",""content_hash"":null,""batch_id"":""BATCH-2026-002"",""prompt_id"":""OEII-BOOK-METADATA"",""prompt_version"":""2.0"",""notes"":""Author candidate 18 of 30; current role not researched.""}]","false","none_identified","2026-08-16T23:17:22Z","Murray Newlands","[{""changed_at"":""2026-08-16T23:17:22Z"",""changed_by"":""Murray Newlands"",""summary"":""Approved for the governed-identities pilot release under the exact scope, exclusions, rights treatment, and limitations recorded in issue #18."",""batch_id"":""BATCH-2026-002""}]","[]","[]","[]","verified_as_named_author_on_official_work_source","published"
"[]","[""book-work-BATCH-2026-002-005""]","Heather Adkins","[]","null","null","not_researched","null","null","Staging author identity candidate; named-human identity review pending.","Heather Adkins","[""identity-and-access-management""]","{""official_profile_url"":null,""author_attribution_url"":""https://www.oreilly.com/library/view/building-secure-and/9781492083115/""}","[]","approved","[]","ready_for_human_review","Verified only as the named author of the linked work; current role and broader identity profile were not inferred.","[]","identity_record","person-BATCH-2026-002-019","[]","[]","[{""source_url"":""https://www.oreilly.com/library/view/building-secure-and/9781492083115/"",""accessed_at"":""2026-08-15"",""retrieval_method"":""Official publisher, project, or author-hosted bibliographic page inspected through public web access"",""exact_locator"":""Official work page author attribution"",""content_hash"":null,""batch_id"":""BATCH-2026-002"",""prompt_id"":""OEII-BOOK-METADATA"",""prompt_version"":""2.0"",""notes"":""Author candidate 19 of 30; current role not researched.""}]","false","none_identified","2026-08-16T23:17:22Z","Murray Newlands","[{""changed_at"":""2026-08-16T23:17:22Z"",""changed_by"":""Murray Newlands"",""summary"":""Approved for the governed-identities pilot release under the exact scope, exclusions, rights treatment, and limitations recorded in issue #18."",""batch_id"":""BATCH-2026-002""}]","[]","[]","[]","verified_as_named_author_on_official_work_source","published"
"[]","[""book-work-BATCH-2026-002-005""]","Betsy Beyer","[]","null","null","not_researched","null","null","Staging author identity candidate; named-human identity review pending.","Betsy Beyer","[""identity-and-access-management""]","{""official_profile_url"":null,""author_attribution_url"":""https://www.oreilly.com/library/view/building-secure-and/9781492083115/""}","[]","approved","[]","ready_for_human_review","Verified only as the named author of the linked work; current role and broader identity profile were not inferred.","[]","identity_record","person-BATCH-2026-002-020","[]","[]","[{""source_url"":""https://www.oreilly.com/library/view/building-secure-and/9781492083115/"",""accessed_at"":""2026-08-15"",""retrieval_method"":""Official publisher, project, or author-hosted bibliographic page inspected through public web access"",""exact_locator"":""Official work page author attribution"",""content_hash"":null,""batch_id"":""BATCH-2026-002"",""prompt_id"":""OEII-BOOK-METADATA"",""prompt_version"":""2.0"",""notes"":""Author candidate 20 of 30; current role not researched.""}]","false","none_identified","2026-08-16T23:17:22Z","Murray Newlands","[{""changed_at"":""2026-08-16T23:17:22Z"",""changed_by"":""Murray Newlands"",""summary"":""Approved for the governed-identities pilot release under the exact scope, exclusions, rights treatment, and limitations recorded in issue #18."",""batch_id"":""BATCH-2026-002""}]","[]","[]","[]","verified_as_named_author_on_official_work_source","published"
"[]","[""book-work-BATCH-2026-002-005""]","Paul Blankinship","[]","null","null","not_researched","null","null","Staging author identity candidate; named-human identity review pending.","Paul Blankinship","[""identity-and-access-management""]","{""official_profile_url"":null,""author_attribution_url"":""https://www.oreilly.com/library/view/building-secure-and/9781492083115/""}","[]","approved","[]","ready_for_human_review","Verified only as the named author of the linked work; current role and broader identity profile were not inferred.","[]","identity_record","person-BATCH-2026-002-021","[]","[]","[{""source_url"":""https://www.oreilly.com/library/view/building-secure-and/9781492083115/"",""accessed_at"":""2026-08-15"",""retrieval_method"":""Official publisher, project, or author-hosted bibliographic page inspected through public web access"",""exact_locator"":""Official work page author attribution"",""content_hash"":null,""batch_id"":""BATCH-2026-002"",""prompt_id"":""OEII-BOOK-METADATA"",""prompt_version"":""2.0"",""notes"":""Author candidate 21 of 30; current role not researched.""}]","false","none_identified","2026-08-16T23:17:22Z","Murray Newlands","[{""changed_at"":""2026-08-16T23:17:22Z"",""changed_by"":""Murray Newlands"",""summary"":""Approved for the governed-identities pilot release under the exact scope, exclusions, rights treatment, and limitations recorded in issue #18."",""batch_id"":""BATCH-2026-002""}]","[]","[]","[]","verified_as_named_author_on_official_work_source","published"
"[]","[""book-work-BATCH-2026-002-005""]","Piotr Lewandowski","[]","null","null","not_researched","null","null","Staging author identity candidate; named-human identity review pending.","Piotr Lewandowski","[""identity-and-access-management""]","{""official_profile_url"":null,""author_attribution_url"":""https://www.oreilly.com/library/view/building-secure-and/9781492083115/""}","[]","approved","[]","ready_for_human_review","Verified only as the named author of the linked work; current role and broader identity profile were not inferred.","[]","identity_record","person-BATCH-2026-002-022","[]","[]","[{""source_url"":""https://www.oreilly.com/library/view/building-secure-and/9781492083115/"",""accessed_at"":""2026-08-15"",""retrieval_method"":""Official publisher, project, or author-hosted bibliographic page inspected through public web access"",""exact_locator"":""Official work page author attribution"",""content_hash"":null,""batch_id"":""BATCH-2026-002"",""prompt_id"":""OEII-BOOK-METADATA"",""prompt_version"":""2.0"",""notes"":""Author candidate 22 of 30; current role not researched.""}]","false","none_identified","2026-08-16T23:17:22Z","Murray Newlands","[{""changed_at"":""2026-08-16T23:17:22Z"",""changed_by"":""Murray Newlands"",""summary"":""Approved for the governed-identities pilot release under the exact scope, exclusions, rights treatment, and limitations recorded in issue #18."",""batch_id"":""BATCH-2026-002""}]","[]","[]","[]","verified_as_named_author_on_official_work_source","published"
"[]","[""book-work-BATCH-2026-002-005""]","Ana Oprea","[]","null","null","not_researched","null","null","Staging author identity candidate; named-human identity review pending.","Ana Oprea","[""identity-and-access-management""]","{""official_profile_url"":null,""author_attribution_url"":""https://www.oreilly.com/library/view/building-secure-and/9781492083115/""}","[]","approved","[]","ready_for_human_review","Verified only as the named author of the linked work; current role and broader identity profile were not inferred.","[]","identity_record","person-BATCH-2026-002-023","[]","[]","[{""source_url"":""https://www.oreilly.com/library/view/building-secure-and/9781492083115/"",""accessed_at"":""2026-08-15"",""retrieval_method"":""Official publisher, project, or author-hosted bibliographic page inspected through public web access"",""exact_locator"":""Official work page author attribution"",""content_hash"":null,""batch_id"":""BATCH-2026-002"",""prompt_id"":""OEII-BOOK-METADATA"",""prompt_version"":""2.0"",""notes"":""Author candidate 23 of 30; current role not researched.""}]","false","none_identified","2026-08-16T23:17:22Z","Murray Newlands","[{""changed_at"":""2026-08-16T23:17:22Z"",""changed_by"":""Murray Newlands"",""summary"":""Approved for the governed-identities pilot release under the exact scope, exclusions, rights treatment, and limitations recorded in issue #18."",""batch_id"":""BATCH-2026-002""}]","[]","[]","[]","verified_as_named_author_on_official_work_source","published"
"[]","[""book-work-BATCH-2026-002-005""]","Adam Stubblefield","[]","null","null","not_researched","null","null","Staging author identity candidate; named-human identity review pending.","Adam Stubblefield","[""identity-and-access-management""]","{""official_profile_url"":null,""author_attribution_url"":""https://www.oreilly.com/library/view/building-secure-and/9781492083115/""}","[]","approved","[]","ready_for_human_review","Verified only as the named author of the linked work; current role and broader identity profile were not inferred.","[]","identity_record","person-BATCH-2026-002-024","[]","[]","[{""source_url"":""https://www.oreilly.com/library/view/building-secure-and/9781492083115/"",""accessed_at"":""2026-08-15"",""retrieval_method"":""Official publisher, project, or author-hosted bibliographic page inspected through public web access"",""exact_locator"":""Official work page author attribution"",""content_hash"":null,""batch_id"":""BATCH-2026-002"",""prompt_id"":""OEII-BOOK-METADATA"",""prompt_version"":""2.0"",""notes"":""Author candidate 24 of 30; current role not researched.""}]","false","none_identified","2026-08-16T23:17:22Z","Murray Newlands","[{""changed_at"":""2026-08-16T23:17:22Z"",""changed_by"":""Murray Newlands"",""summary"":""Approved for the governed-identities pilot release under the exact scope, exclusions, rights treatment, and limitations recorded in issue #18."",""batch_id"":""BATCH-2026-002""}]","[]","[]","[]","verified_as_named_author_on_official_work_source","published"
"[]","[""book-work-BATCH-2026-002-006""]","Lee Atchison","[]","null","null","not_researched","null","null","Staging author identity candidate; named-human identity review pending.","Lee Atchison","[""identity-and-access-management""]","{""official_profile_url"":null,""author_attribution_url"":""https://www.oreilly.com/library/view/identity-in-modern/9781098107789/""}","[]","approved","[]","ready_for_human_review","Verified only as the named author of the linked work; current role and broader identity profile were not inferred.","[]","identity_record","person-BATCH-2026-002-025","[]","[]","[{""source_url"":""https://www.oreilly.com/library/view/identity-in-modern/9781098107789/"",""accessed_at"":""2026-08-15"",""retrieval_method"":""Official publisher, project, or author-hosted bibliographic page inspected through public web access"",""exact_locator"":""Official work page author attribution"",""content_hash"":null,""batch_id"":""BATCH-2026-002"",""prompt_id"":""OEII-BOOK-METADATA"",""prompt_version"":""2.0"",""notes"":""Author candidate 25 of 30; current role not researched.""}]","false","none_identified","2026-08-16T23:17:22Z","Murray Newlands","[{""changed_at"":""2026-08-16T23:17:22Z"",""changed_by"":""Murray Newlands"",""summary"":""Approved for the governed-identities pilot release under the exact scope, exclusions, rights treatment, and limitations recorded in issue #18."",""batch_id"":""BATCH-2026-002""}]","[]","[]","[]","verified_as_named_author_on_official_work_source","published"
"[]","[""book-work-BATCH-2026-002-007""]","Yvonne Wilson","[]","null","null","not_researched","null","null","Staging author identity candidate; named-human identity review pending.","Yvonne Wilson","[""identity-and-access-management""]","{""official_profile_url"":null,""author_attribution_url"":""https://link.springer.com/book/10.1007/978-1-4842-5095-2""}","[]","approved","[]","ready_for_human_review","Verified only as the named author of the linked work; current role and broader identity profile were not inferred.","[]","identity_record","person-BATCH-2026-002-026","[]","[]","[{""source_url"":""https://link.springer.com/book/10.1007/978-1-4842-5095-2"",""accessed_at"":""2026-08-15"",""retrieval_method"":""Official publisher, project, or author-hosted bibliographic page inspected through public web access"",""exact_locator"":""Official work page author attribution"",""content_hash"":null,""batch_id"":""BATCH-2026-002"",""prompt_id"":""OEII-BOOK-METADATA"",""prompt_version"":""2.0"",""notes"":""Author candidate 26 of 30; current role not researched.""}]","false","none_identified","2026-08-16T23:17:22Z","Murray Newlands","[{""changed_at"":""2026-08-16T23:17:22Z"",""changed_by"":""Murray Newlands"",""summary"":""Approved for the governed-identities pilot release under the exact scope, exclusions, rights treatment, and limitations recorded in issue #18."",""batch_id"":""BATCH-2026-002""}]","[]","[]","[]","verified_as_named_author_on_official_work_source","published"
"[]","[""book-work-BATCH-2026-002-007""]","Abhishek Hingnikar","[]","null","null","not_researched","null","null","Staging author identity candidate; named-human identity review pending.","Abhishek Hingnikar","[""identity-and-access-management""]","{""official_profile_url"":null,""author_attribution_url"":""https://link.springer.com/book/10.1007/978-1-4842-5095-2""}","[]","approved","[]","ready_for_human_review","Verified only as the named author of the linked work; current role and broader identity profile were not inferred.","[]","identity_record","person-BATCH-2026-002-027","[]","[]","[{""source_url"":""https://link.springer.com/book/10.1007/978-1-4842-5095-2"",""accessed_at"":""2026-08-15"",""retrieval_method"":""Official publisher, project, or author-hosted bibliographic page inspected through public web access"",""exact_locator"":""Official work page author attribution"",""content_hash"":null,""batch_id"":""BATCH-2026-002"",""prompt_id"":""OEII-BOOK-METADATA"",""prompt_version"":""2.0"",""notes"":""Author candidate 27 of 30; current role not researched.""}]","false","none_identified","2026-08-16T23:17:22Z","Murray Newlands","[{""changed_at"":""2026-08-16T23:17:22Z"",""changed_by"":""Murray Newlands"",""summary"":""Approved for the governed-identities pilot release under the exact scope, exclusions, rights treatment, and limitations recorded in issue #18."",""batch_id"":""BATCH-2026-002""}]","[]","[]","[]","verified_as_named_author_on_official_work_source","published"
"[]","[""book-work-BATCH-2026-002-009""]","Ev Kontsevoy","[]","null","null","not_researched","null","null","Staging author identity candidate; named-human identity review pending.","Ev Kontsevoy","[""identity-and-access-management""]","{""official_profile_url"":null,""author_attribution_url"":""https://www.oreilly.com/library/view/identity-native-infrastructure-access/9781098131883/colophon01.html""}","[]","approved","[]","ready_for_human_review","Verified only as the named author of the linked work; current role and broader identity profile were not inferred.","[]","identity_record","person-BATCH-2026-002-028","[]","[]","[{""source_url"":""https://www.oreilly.com/library/view/identity-native-infrastructure-access/9781098131883/colophon01.html"",""accessed_at"":""2026-08-15"",""retrieval_method"":""Official publisher, project, or author-hosted bibliographic page inspected through public web access"",""exact_locator"":""Official work page author attribution"",""content_hash"":null,""batch_id"":""BATCH-2026-002"",""prompt_id"":""OEII-BOOK-METADATA"",""prompt_version"":""2.0"",""notes"":""Author candidate 28 of 30; current role not researched.""}]","false","none_identified","2026-08-16T23:17:22Z","Murray Newlands","[{""changed_at"":""2026-08-16T23:17:22Z"",""changed_by"":""Murray Newlands"",""summary"":""Approved for the governed-identities pilot release under the exact scope, exclusions, rights treatment, and limitations recorded in issue #18."",""batch_id"":""BATCH-2026-002""}]","[]","[]","[]","verified_as_named_author_on_official_work_source","published"
"[]","[""book-work-BATCH-2026-002-009""]","Sakshyam Shah","[]","null","null","not_researched","null","null","Staging author identity candidate; named-human identity review pending.","Sakshyam Shah","[""identity-and-access-management""]","{""official_profile_url"":null,""author_attribution_url"":""https://www.oreilly.com/library/view/identity-native-infrastructure-access/9781098131883/colophon01.html""}","[]","approved","[]","ready_for_human_review","Verified only as the named author of the linked work; current role and broader identity profile were not inferred.","[]","identity_record","person-BATCH-2026-002-029","[]","[]","[{""source_url"":""https://www.oreilly.com/library/view/identity-native-infrastructure-access/9781098131883/colophon01.html"",""accessed_at"":""2026-08-15"",""retrieval_method"":""Official publisher, project, or author-hosted bibliographic page inspected through public web access"",""exact_locator"":""Official work page author attribution"",""content_hash"":null,""batch_id"":""BATCH-2026-002"",""prompt_id"":""OEII-BOOK-METADATA"",""prompt_version"":""2.0"",""notes"":""Author candidate 29 of 30; current role not researched.""}]","false","none_identified","2026-08-16T23:17:22Z","Murray Newlands","[{""changed_at"":""2026-08-16T23:17:22Z"",""changed_by"":""Murray Newlands"",""summary"":""Approved for the governed-identities pilot release under the exact scope, exclusions, rights treatment, and limitations recorded in issue #18."",""batch_id"":""BATCH-2026-002""}]","[]","[]","[]","verified_as_named_author_on_official_work_source","published"
"[]","[""book-work-BATCH-2026-002-009""]","Peter Conrad","[]","null","null","not_researched","null","null","Staging author identity candidate; named-human identity review pending.","Peter Conrad","[""identity-and-access-management""]","{""official_profile_url"":null,""author_attribution_url"":""https://www.oreilly.com/library/view/identity-native-infrastructure-access/9781098131883/colophon01.html""}","[]","approved","[]","ready_for_human_review","Verified only as the named author of the linked work; current role and broader identity profile were not inferred.","[]","identity_record","person-BATCH-2026-002-030","[]","[]","[{""source_url"":""https://www.oreilly.com/library/view/identity-native-infrastructure-access/9781098131883/colophon01.html"",""accessed_at"":""2026-08-15"",""retrieval_method"":""Official publisher, project, or author-hosted bibliographic page inspected through public web access"",""exact_locator"":""Official work page author attribution"",""content_hash"":null,""batch_id"":""BATCH-2026-002"",""prompt_id"":""OEII-BOOK-METADATA"",""prompt_version"":""2.0"",""notes"":""Author candidate 30 of 30; current role not researched.""}]","false","none_identified","2026-08-16T23:17:22Z","Murray Newlands","[{""changed_at"":""2026-08-16T23:17:22Z"",""changed_by"":""Murray Newlands"",""summary"":""Approved for the governed-identities pilot release under the exact scope, exclusions, rights treatment, and limitations recorded in issue #18."",""batch_id"":""BATCH-2026-002""}]","[]","[]","[]","verified_as_named_author_on_official_work_source","published"
"[""Alex ‘Sandy’ Pentland"",""Sandy Pentland"",""A. Pentland""]","[]","Alex Pentland","[""source-BATCH-2026-005-004""]","Massachusetts Institute of Technology","Toshiba Professor of Media Arts and Sciences","current_official_university_profile_checked_2026-08-15","https://professional.mit.edu/programs/faculty-profiles/alex-pentland","2026-08-15","null","Alex Pentland","[""AI agent identity"",""authenticated delegation"",""AI-agent auditability""]","{""official_profile_url"":""https://professional.mit.edu/programs/faculty-profiles/alex-pentland""}","[{""person_id"":""person-BATCH-2026-005-alex-pentland"",""source_id"":""source-BATCH-2026-005-004"",""source_title"":""Identity Management for Agentic AI"",""source_version"":""October 2025 official OpenID Foundation report"",""relationship"":""contributor"",""author_order"":21,""organization_at_source_time"":""not reported"",""role_at_source_time"":""Contributor"",""verification_basis"":""PDF title or contributor page"",""verification_status"":""relationship_verified_affiliation_not_reported"",""current_role_backfilled"":false,""human_review_status"":""approved""}]","approved","[]","ready_for_human_review","The MIT professor also known as Sandy Pentland and a contributor/author of the indexed OpenID Foundation report and arXiv rendition.","[]","source_connected_dataset_only","person-BATCH-2026-005-alex-pentland","[""United States""]","[]","[{""source_url"":""https://professional.mit.edu/programs/faculty-profiles/alex-pentland"",""accessed_at"":""2026-08-15"",""retrieval_method"":""official institutional/company page or self-authored professional CV reviewed on the public web"",""exact_locator"":""Faculty profile heading — Toshiba Professor of Media Arts and Sciences"",""content_hash"":null,""batch_id"":""BATCH-2026-007"",""prompt_id"":""OEII-PERSON-RESEARCH"",""prompt_version"":""2.0"",""notes"":""Current-role evidence; named human review pending.""},{""source_url"":""https://openid.net/wp-content/uploads/2025/10/Identity-Management-for-Agentic-AI.pdf"",""accessed_at"":""2026-08-15"",""retrieval_method"":""inherited verified source metadata and author relationship cross-check"",""exact_locator"":""October 2025 official OpenID Foundation report; byline/contributor relationship and source-time affiliation"",""content_hash"":""e6a0e5909fcb2486568180f69d511ae2af8d20a1bfb3028b39b3d1072846f4f3"",""batch_id"":""BATCH-2026-007"",""prompt_id"":""OEII-PERSON-RESEARCH"",""prompt_version"":""2.0"",""notes"":""Relationship inherited from BATCH-2026-005 and rechecked for this person batch; named human review pending.""}]","false","none_identified","2026-08-16T23:17:22Z","Murray Newlands","[{""changed_at"":""2026-08-15T22:30:00Z"",""changed_by"":""OpenAI Codex"",""summary"":""Created staging person record with identity disambiguation, source-time role separation, current-role verification, and intellectual-contribution links."",""batch_id"":""BATCH-2026-007""},{""changed_at"":""2026-08-16T23:17:22Z"",""changed_by"":""Murray Newlands"",""summary"":""Approved for the governed-identities pilot release under the exact scope, exclusions, rights treatment, and limitations recorded in issue #18."",""batch_id"":""BATCH-2026-007""}]","[{""person_id"":""person-BATCH-2026-005-alex-pentland"",""source_id"":""source-BATCH-2026-005-004"",""source_title"":""Identity Management for Agentic AI"",""source_version"":""October 2025 official OpenID Foundation report"",""relationship"":""contributor"",""author_order"":21,""organization_at_source_time"":""not reported"",""role_at_source_time"":""Contributor"",""verification_basis"":""PDF title or contributor page"",""verification_status"":""relationship_verified_affiliation_not_reported"",""current_role_backfilled"":false,""human_review_status"":""approved""}]","[""source-BATCH-2026-005-004""]","[""statement-BATCH-2026-006-015"",""statement-BATCH-2026-006-016"",""statement-BATCH-2026-006-017"",""statement-BATCH-2026-006-018"",""statement-BATCH-2026-006-019"",""statement-BATCH-2026-006-020"",""statement-BATCH-2026-006-021""]","identity_authorship_and_current_role_machine_verified_human_approved","published"
"[""D. Kang""]","[]","Daniel Kang","[""source-BATCH-2026-005-008""]","University of Illinois Urbana-Champaign","Assistant Professor","current_official_university_profile_checked_2026-08-15","https://siebelschool.illinois.edu/about/people/faculty/ddkang","2026-08-15","null","Daniel Kang","[""AI red-teaming agents"",""zero-day vulnerability evaluation""]","{""official_profile_url"":""https://siebelschool.illinois.edu/about/people/faculty/ddkang""}","[{""person_id"":""person-BATCH-2026-005-daniel-kang"",""source_id"":""source-BATCH-2026-005-008"",""source_title"":""Teams of LLM Agents Can Exploit Zero-Day Vulnerabilities"",""source_version"":""arXiv v2 submitted 2025-03-30"",""relationship"":""author"",""author_order"":7,""organization_at_source_time"":""University of Illinois Urbana-Champaign"",""role_at_source_time"":""Author"",""verification_basis"":""PDF title or contributor page"",""verification_status"":""verified_from_source_byline_and_affiliation"",""current_role_backfilled"":false,""human_review_status"":""approved""}]","approved","[]","ready_for_human_review","The UIUC faculty member and final author of the indexed HPTSA paper.","[]","source_connected_dataset_only","person-BATCH-2026-005-daniel-kang","[""United States""]","[]","[{""source_url"":""https://siebelschool.illinois.edu/about/people/faculty/ddkang"",""accessed_at"":""2026-08-15"",""retrieval_method"":""official institutional/company page or self-authored professional CV reviewed on the public web"",""exact_locator"":""Faculty profile heading — Daniel Kang — Assistant Professor"",""content_hash"":null,""batch_id"":""BATCH-2026-007"",""prompt_id"":""OEII-PERSON-RESEARCH"",""prompt_version"":""2.0"",""notes"":""Current-role evidence; named human review pending.""},{""source_url"":""https://arxiv.org/abs/2406.01637"",""accessed_at"":""2026-08-15"",""retrieval_method"":""inherited verified source metadata and author relationship cross-check"",""exact_locator"":""arXiv v2 submitted 2025-03-30; byline/contributor relationship and source-time affiliation"",""content_hash"":""f4fc06040f0856d99d2009042b4c6fa0c01206da8ca61cb39a94d52b9867cf71"",""batch_id"":""BATCH-2026-007"",""prompt_id"":""OEII-PERSON-RESEARCH"",""prompt_version"":""2.0"",""notes"":""Relationship inherited from BATCH-2026-005 and rechecked for this person batch; named human review pending.""}]","false","none_identified","2026-08-16T23:17:22Z","Murray Newlands","[{""changed_at"":""2026-08-15T22:30:00Z"",""changed_by"":""OpenAI Codex"",""summary"":""Created staging person record with identity disambiguation, source-time role separation, current-role verification, and intellectual-contribution links."",""batch_id"":""BATCH-2026-007""},{""changed_at"":""2026-08-16T23:17:22Z"",""changed_by"":""Murray Newlands"",""summary"":""Approved for the governed-identities pilot release under the exact scope, exclusions, rights treatment, and limitations recorded in issue #18."",""batch_id"":""BATCH-2026-007""}]","[{""person_id"":""person-BATCH-2026-005-daniel-kang"",""source_id"":""source-BATCH-2026-005-008"",""source_title"":""Teams of LLM Agents Can Exploit Zero-Day Vulnerabilities"",""source_version"":""arXiv v2 submitted 2025-03-30"",""relationship"":""author"",""author_order"":7,""organization_at_source_time"":""University of Illinois Urbana-Champaign"",""role_at_source_time"":""Author"",""verification_basis"":""PDF title or contributor page"",""verification_status"":""verified_from_source_byline_and_affiliation"",""current_role_backfilled"":false,""human_review_status"":""approved""}]","[""source-BATCH-2026-005-008""]","[""statement-BATCH-2026-006-033"",""statement-BATCH-2026-006-034"",""statement-BATCH-2026-006-035"",""statement-BATCH-2026-006-036"",""statement-BATCH-2026-006-037"",""statement-BATCH-2026-006-038""]","identity_authorship_and_current_role_machine_verified_human_approved","published"
"[""E. Debenedetti""]","[]","Edoardo Debenedetti","[""source-BATCH-2026-005-006""]","ETH Zurich","PhD Student","current_official_lab_page_checked_2026-08-15","https://spylab.ai/","2026-08-15","null","Edoardo Debenedetti","[""AI agent security"",""prompt injection evaluation""]","{""personal_website"":""https://edoardo.science/""}","[{""person_id"":""person-BATCH-2026-005-edoardo-debenedetti"",""source_id"":""source-BATCH-2026-005-006"",""source_title"":""AgentDojo: A Dynamic Environment to Evaluate Prompt Injection Attacks and Defenses for LLM Agents"",""source_version"":""arXiv v3"",""relationship"":""author"",""author_order"":1,""organization_at_source_time"":""ETH Zurich"",""role_at_source_time"":""Author"",""verification_basis"":""PDF title or contributor page"",""verification_status"":""verified_from_source_byline_and_affiliation"",""current_role_backfilled"":false,""human_review_status"":""approved""}]","approved","[]","ready_for_human_review","The AgentDojo first author who is listed as a PhD student in Florian Tramèr's ETH Zurich SPY Lab.","[]","source_connected_dataset_only","person-BATCH-2026-005-edoardo-debenedetti","[""Switzerland""]","[]","[{""source_url"":""https://spylab.ai/"",""accessed_at"":""2026-08-15"",""retrieval_method"":""official institutional/company page or self-authored professional CV reviewed on the public web"",""exact_locator"":""People — Edoardo Debenedetti — PhD Student"",""content_hash"":null,""batch_id"":""BATCH-2026-007"",""prompt_id"":""OEII-PERSON-RESEARCH"",""prompt_version"":""2.0"",""notes"":""Current-role evidence; named human review pending.""},{""source_url"":""https://arxiv.org/abs/2406.13352"",""accessed_at"":""2026-08-15"",""retrieval_method"":""inherited verified source metadata and author relationship cross-check"",""exact_locator"":""arXiv v3; byline/contributor relationship and source-time affiliation"",""content_hash"":""349884fffbf43282591c5accffd57bb651632f38e412fe303114941bdd111b05"",""batch_id"":""BATCH-2026-007"",""prompt_id"":""OEII-PERSON-RESEARCH"",""prompt_version"":""2.0"",""notes"":""Relationship inherited from BATCH-2026-005 and rechecked for this person batch; named human review pending.""}]","false","none_identified","2026-08-16T23:17:22Z","Murray Newlands","[{""changed_at"":""2026-08-15T22:30:00Z"",""changed_by"":""OpenAI Codex"",""summary"":""Created staging person record with identity disambiguation, source-time role separation, current-role verification, and intellectual-contribution links."",""batch_id"":""BATCH-2026-007""},{""changed_at"":""2026-08-16T23:17:22Z"",""changed_by"":""Murray Newlands"",""summary"":""Approved for the governed-identities pilot release under the exact scope, exclusions, rights treatment, and limitations recorded in issue #18."",""batch_id"":""BATCH-2026-007""}]","[{""person_id"":""person-BATCH-2026-005-edoardo-debenedetti"",""source_id"":""source-BATCH-2026-005-006"",""source_title"":""AgentDojo: A Dynamic Environment to Evaluate Prompt Injection Attacks and Defenses for LLM Agents"",""source_version"":""arXiv v3"",""relationship"":""author"",""author_order"":1,""organization_at_source_time"":""ETH Zurich"",""role_at_source_time"":""Author"",""verification_basis"":""PDF title or contributor page"",""verification_status"":""verified_from_source_byline_and_affiliation"",""current_role_backfilled"":false,""human_review_status"":""approved""}]","[""source-BATCH-2026-005-006""]","[""statement-BATCH-2026-006-022"",""statement-BATCH-2026-006-023"",""statement-BATCH-2026-006-024"",""statement-BATCH-2026-006-025"",""statement-BATCH-2026-006-026"",""statement-BATCH-2026-006-027""]","identity_authorship_and_current_role_machine_verified_human_approved","published"
"[""Florian Tramer"",""F. Tramèr"",""F. Tramer""]","[]","Florian Tramèr","[""source-BATCH-2026-005-006""]","ETH Zurich","Assistant Professor at the Department of Computer Science","current_official_university_profile_checked_2026-08-15","https://inf.ethz.ch/people/people-atoz/person-detail.MjU5NzMw.TGlzdC8zMDQsLTIxNDE4MTU0NjA%3D.html","2026-08-15","null","Florian Tramèr","[""AI agent security"",""prompt injection evaluation""]","{""orcid"":""0000-0001-8703-8762"",""official_profile_url"":""https://inf.ethz.ch/people/people-atoz/person-detail.MjU5NzMw.TGlzdC8zMDQsLTIxNDE4MTU0NjA%3D.html""}","[{""person_id"":""person-BATCH-2026-005-florian-tramer"",""source_id"":""source-BATCH-2026-005-006"",""source_title"":""AgentDojo: A Dynamic Environment to Evaluate Prompt Injection Attacks and Defenses for LLM Agents"",""source_version"":""arXiv v3"",""relationship"":""author"",""author_order"":6,""organization_at_source_time"":""ETH Zurich"",""role_at_source_time"":""Author"",""verification_basis"":""PDF title or contributor page"",""verification_status"":""verified_from_source_byline_and_affiliation"",""current_role_backfilled"":false,""human_review_status"":""approved""}]","approved","[]","ready_for_human_review","The ETH Zurich professor and final AgentDojo author; diacritic-free forms refer to the same person.","[]","source_connected_dataset_only","person-BATCH-2026-005-florian-tramer","[""Switzerland""]","[]","[{""source_url"":""https://inf.ethz.ch/people/people-atoz/person-detail.MjU5NzMw.TGlzdC8zMDQsLTIxNDE4MTU0NjA%3D.html"",""accessed_at"":""2026-08-15"",""retrieval_method"":""official institutional/company page or self-authored professional CV reviewed on the public web"",""exact_locator"":""Profile heading — Assistant Professor at the Department of Computer Science"",""content_hash"":null,""batch_id"":""BATCH-2026-007"",""prompt_id"":""OEII-PERSON-RESEARCH"",""prompt_version"":""2.0"",""notes"":""Current-role evidence; named human review pending.""},{""source_url"":""https://arxiv.org/abs/2406.13352"",""accessed_at"":""2026-08-15"",""retrieval_method"":""inherited verified source metadata and author relationship cross-check"",""exact_locator"":""arXiv v3; byline/contributor relationship and source-time affiliation"",""content_hash"":""349884fffbf43282591c5accffd57bb651632f38e412fe303114941bdd111b05"",""batch_id"":""BATCH-2026-007"",""prompt_id"":""OEII-PERSON-RESEARCH"",""prompt_version"":""2.0"",""notes"":""Relationship inherited from BATCH-2026-005 and rechecked for this person batch; named human review pending.""}]","false","none_identified","2026-08-16T23:17:22Z","Murray Newlands","[{""changed_at"":""2026-08-15T22:30:00Z"",""changed_by"":""OpenAI Codex"",""summary"":""Created staging person record with identity disambiguation, source-time role separation, current-role verification, and intellectual-contribution links."",""batch_id"":""BATCH-2026-007""},{""changed_at"":""2026-08-16T23:17:22Z"",""changed_by"":""Murray Newlands"",""summary"":""Approved for the governed-identities pilot release under the exact scope, exclusions, rights treatment, and limitations recorded in issue #18."",""batch_id"":""BATCH-2026-007""}]","[{""person_id"":""person-BATCH-2026-005-florian-tramer"",""source_id"":""source-BATCH-2026-005-006"",""source_title"":""AgentDojo: A Dynamic Environment to Evaluate Prompt Injection Attacks and Defenses for LLM Agents"",""source_version"":""arXiv v3"",""relationship"":""author"",""author_order"":6,""organization_at_source_time"":""ETH Zurich"",""role_at_source_time"":""Author"",""verification_basis"":""PDF title or contributor page"",""verification_status"":""verified_from_source_byline_and_affiliation"",""current_role_backfilled"":false,""human_review_status"":""approved""}]","[""source-BATCH-2026-005-006""]","[""statement-BATCH-2026-006-022"",""statement-BATCH-2026-006-023"",""statement-BATCH-2026-006-024"",""statement-BATCH-2026-006-025"",""statement-BATCH-2026-006-026"",""statement-BATCH-2026-006-027""]","identity_authorship_and_current_role_machine_verified_human_approved","published"
"[""H. Zhang""]","[]","Hanrong Zhang","[""source-BATCH-2026-005-007""]","University of Illinois Chicago","PhD Student in Computer Science","current_self_authored_cv_checked_2026-08-15","https://zhang-henry.github.io/assets/pdf/CV_Hanrong_Zhang.pdf","2026-08-15","null","Hanrong Zhang","[""AI agent security benchmarking"",""agent attack and defense evaluation""]","{""personal_cv_url"":""https://zhang-henry.github.io/assets/pdf/CV_Hanrong_Zhang.pdf""}","[{""person_id"":""person-BATCH-2026-005-hanrong-zhang"",""source_id"":""source-BATCH-2026-005-007"",""source_title"":""Agent Security Bench (ASB): Formalizing and Benchmarking Attacks and Defenses in LLM-based Agents"",""source_version"":""arXiv v4; ICLR 2025"",""relationship"":""author"",""author_order"":1,""organization_at_source_time"":""Zhejiang University"",""role_at_source_time"":""Author"",""verification_basis"":""PDF title or contributor page"",""verification_status"":""verified_from_source_byline_and_affiliation"",""current_role_backfilled"":false,""human_review_status"":""approved""}]","approved","[]","ready_for_human_review","The first author of Agent Security Bench, formerly at Zhejiang University and now documented in a self-authored CV as a UIC PhD student.","[]","source_connected_dataset_only","person-BATCH-2026-005-hanrong-zhang","[""United States"",""China""]","[]","[{""source_url"":""https://zhang-henry.github.io/assets/pdf/CV_Hanrong_Zhang.pdf"",""accessed_at"":""2026-08-15"",""retrieval_method"":""official institutional/company page or self-authored professional CV reviewed on the public web"",""exact_locator"":""CV p. 1, Education — University of Illinois Chicago, Aug. 2025–Present; updated July 14, 2026"",""content_hash"":null,""batch_id"":""BATCH-2026-007"",""prompt_id"":""OEII-PERSON-RESEARCH"",""prompt_version"":""2.0"",""notes"":""Current-role evidence; named human review pending.""},{""source_url"":""https://arxiv.org/abs/2410.02644"",""accessed_at"":""2026-08-15"",""retrieval_method"":""inherited verified source metadata and author relationship cross-check"",""exact_locator"":""arXiv v4; ICLR 2025; byline/contributor relationship and source-time affiliation"",""content_hash"":""e20155df01b3a1f6c0a947c4e9e4871957cff2e507939f7ea21a5fe967d84504"",""batch_id"":""BATCH-2026-007"",""prompt_id"":""OEII-PERSON-RESEARCH"",""prompt_version"":""2.0"",""notes"":""Relationship inherited from BATCH-2026-005 and rechecked for this person batch; named human review pending.""}]","false","none_identified","2026-08-16T23:17:22Z","Murray Newlands","[{""changed_at"":""2026-08-15T22:30:00Z"",""changed_by"":""OpenAI Codex"",""summary"":""Created staging person record with identity disambiguation, source-time role separation, current-role verification, and intellectual-contribution links."",""batch_id"":""BATCH-2026-007""},{""changed_at"":""2026-08-16T23:17:22Z"",""changed_by"":""Murray Newlands"",""summary"":""Approved for the governed-identities pilot release under the exact scope, exclusions, rights treatment, and limitations recorded in issue #18."",""batch_id"":""BATCH-2026-007""}]","[{""person_id"":""person-BATCH-2026-005-hanrong-zhang"",""source_id"":""source-BATCH-2026-005-007"",""source_title"":""Agent Security Bench (ASB): Formalizing and Benchmarking Attacks and Defenses in LLM-based Agents"",""source_version"":""arXiv v4; ICLR 2025"",""relationship"":""author"",""author_order"":1,""organization_at_source_time"":""Zhejiang University"",""role_at_source_time"":""Author"",""verification_basis"":""PDF title or contributor page"",""verification_status"":""verified_from_source_byline_and_affiliation"",""current_role_backfilled"":false,""human_review_status"":""approved""}]","[""source-BATCH-2026-005-007""]","[""statement-BATCH-2026-006-028"",""statement-BATCH-2026-006-029"",""statement-BATCH-2026-006-030"",""statement-BATCH-2026-006-031"",""statement-BATCH-2026-006-032""]","identity_authorship_and_current_role_machine_verified_human_approved","published"
"[""J. Zhang""]","[]","Jie Zhang","[""source-BATCH-2026-005-006""]","ETH Zurich","PhD Student","current_official_lab_page_checked_2026-08-15","https://spylab.ai/","2026-08-15","null","Jie Zhang","[""AI agent security"",""prompt injection evaluation""]","{""official_profile_url"":""https://zj-jayzhang.github.io/""}","[{""person_id"":""person-BATCH-2026-005-jie-zhang"",""source_id"":""source-BATCH-2026-005-006"",""source_title"":""AgentDojo: A Dynamic Environment to Evaluate Prompt Injection Attacks and Defenses for LLM Agents"",""source_version"":""arXiv v3"",""relationship"":""author"",""author_order"":2,""organization_at_source_time"":""ETH Zurich"",""role_at_source_time"":""Author"",""verification_basis"":""PDF title or contributor page"",""verification_status"":""verified_from_source_byline_and_affiliation"",""current_role_backfilled"":false,""human_review_status"":""approved""}]","approved","[]","ready_for_human_review","The AgentDojo coauthor in Florian Tramèr's ETH Zurich SPY Lab, not another researcher with the same name.","[]","source_connected_dataset_only","person-BATCH-2026-005-jie-zhang","[""Switzerland""]","[]","[{""source_url"":""https://spylab.ai/"",""accessed_at"":""2026-08-15"",""retrieval_method"":""official institutional/company page or self-authored professional CV reviewed on the public web"",""exact_locator"":""People — Jie Zhang — PhD Student"",""content_hash"":null,""batch_id"":""BATCH-2026-007"",""prompt_id"":""OEII-PERSON-RESEARCH"",""prompt_version"":""2.0"",""notes"":""Current-role evidence; named human review pending.""},{""source_url"":""https://arxiv.org/abs/2406.13352"",""accessed_at"":""2026-08-15"",""retrieval_method"":""inherited verified source metadata and author relationship cross-check"",""exact_locator"":""arXiv v3; byline/contributor relationship and source-time affiliation"",""content_hash"":""349884fffbf43282591c5accffd57bb651632f38e412fe303114941bdd111b05"",""batch_id"":""BATCH-2026-007"",""prompt_id"":""OEII-PERSON-RESEARCH"",""prompt_version"":""2.0"",""notes"":""Relationship inherited from BATCH-2026-005 and rechecked for this person batch; named human review pending.""}]","false","none_identified","2026-08-16T23:17:22Z","Murray Newlands","[{""changed_at"":""2026-08-15T22:30:00Z"",""changed_by"":""OpenAI Codex"",""summary"":""Created staging person record with identity disambiguation, source-time role separation, current-role verification, and intellectual-contribution links."",""batch_id"":""BATCH-2026-007""},{""changed_at"":""2026-08-16T23:17:22Z"",""changed_by"":""Murray Newlands"",""summary"":""Approved for the governed-identities pilot release under the exact scope, exclusions, rights treatment, and limitations recorded in issue #18."",""batch_id"":""BATCH-2026-007""}]","[{""person_id"":""person-BATCH-2026-005-jie-zhang"",""source_id"":""source-BATCH-2026-005-006"",""source_title"":""AgentDojo: A Dynamic Environment to Evaluate Prompt Injection Attacks and Defenses for LLM Agents"",""source_version"":""arXiv v3"",""relationship"":""author"",""author_order"":2,""organization_at_source_time"":""ETH Zurich"",""role_at_source_time"":""Author"",""verification_basis"":""PDF title or contributor page"",""verification_status"":""verified_from_source_byline_and_affiliation"",""current_role_backfilled"":false,""human_review_status"":""approved""}]","[""source-BATCH-2026-005-006""]","[""statement-BATCH-2026-006-022"",""statement-BATCH-2026-006-023"",""statement-BATCH-2026-006-024"",""statement-BATCH-2026-006-025"",""statement-BATCH-2026-006-026"",""statement-BATCH-2026-006-027""]","identity_authorship_and_current_role_machine_verified_human_approved","published"
"[""J. Huang""]","[]","Jingyuan Huang","[""source-BATCH-2026-005-007""]","Rutgers University","PhD Student","current_official_university_directory_checked_2026-08-15","https://www.cs.rutgers.edu/people/directory.php?netid=jh2164&type=grad","2026-08-15","null","Jingyuan Huang","[""AI agent security benchmarking"",""agent attack and defense evaluation""]","{""rutgers_netid"":""jh2164""}","[{""person_id"":""person-BATCH-2026-005-jingyuan-huang"",""source_id"":""source-BATCH-2026-005-007"",""source_title"":""Agent Security Bench (ASB): Formalizing and Benchmarking Attacks and Defenses in LLM-based Agents"",""source_version"":""arXiv v4; ICLR 2025"",""relationship"":""author"",""author_order"":2,""organization_at_source_time"":""Rutgers University"",""role_at_source_time"":""Author"",""verification_basis"":""PDF title or contributor page"",""verification_status"":""verified_from_source_byline_and_affiliation"",""current_role_backfilled"":false,""human_review_status"":""approved""}]","approved","[]","ready_for_human_review","The Agent Security Bench coauthor listed in Rutgers Computer Science's graduate directory under netid jh2164.","[]","source_connected_dataset_only","person-BATCH-2026-005-jingyuan-huang","[""United States""]","[]","[{""source_url"":""https://www.cs.rutgers.edu/people/directory.php?netid=jh2164&type=grad"",""accessed_at"":""2026-08-15"",""retrieval_method"":""official institutional/company page or self-authored professional CV reviewed on the public web"",""exact_locator"":""Student Information — Jingyuan Huang — Program: PhD"",""content_hash"":null,""batch_id"":""BATCH-2026-007"",""prompt_id"":""OEII-PERSON-RESEARCH"",""prompt_version"":""2.0"",""notes"":""Current-role evidence; named human review pending.""},{""source_url"":""https://arxiv.org/abs/2410.02644"",""accessed_at"":""2026-08-15"",""retrieval_method"":""inherited verified source metadata and author relationship cross-check"",""exact_locator"":""arXiv v4; ICLR 2025; byline/contributor relationship and source-time affiliation"",""content_hash"":""e20155df01b3a1f6c0a947c4e9e4871957cff2e507939f7ea21a5fe967d84504"",""batch_id"":""BATCH-2026-007"",""prompt_id"":""OEII-PERSON-RESEARCH"",""prompt_version"":""2.0"",""notes"":""Relationship inherited from BATCH-2026-005 and rechecked for this person batch; named human review pending.""}]","false","none_identified","2026-08-16T23:17:22Z","Murray Newlands","[{""changed_at"":""2026-08-15T22:30:00Z"",""changed_by"":""OpenAI Codex"",""summary"":""Created staging person record with identity disambiguation, source-time role separation, current-role verification, and intellectual-contribution links."",""batch_id"":""BATCH-2026-007""},{""changed_at"":""2026-08-16T23:17:22Z"",""changed_by"":""Murray Newlands"",""summary"":""Approved for the governed-identities pilot release under the exact scope, exclusions, rights treatment, and limitations recorded in issue #18."",""batch_id"":""BATCH-2026-007""}]","[{""person_id"":""person-BATCH-2026-005-jingyuan-huang"",""source_id"":""source-BATCH-2026-005-007"",""source_title"":""Agent Security Bench (ASB): Formalizing and Benchmarking Attacks and Defenses in LLM-based Agents"",""source_version"":""arXiv v4; ICLR 2025"",""relationship"":""author"",""author_order"":2,""organization_at_source_time"":""Rutgers University"",""role_at_source_time"":""Author"",""verification_basis"":""PDF title or contributor page"",""verification_status"":""verified_from_source_byline_and_affiliation"",""current_role_backfilled"":false,""human_review_status"":""approved""}]","[""source-BATCH-2026-005-007""]","[""statement-BATCH-2026-006-028"",""statement-BATCH-2026-006-029"",""statement-BATCH-2026-006-030"",""statement-BATCH-2026-006-031"",""statement-BATCH-2026-006-032""]","identity_authorship_and_current_role_machine_verified_human_approved","published"
"[""K. Mei""]","[]","Kai Mei","[""source-BATCH-2026-005-007""]","Rutgers University","Graduate Student","current_official_university_directory_checked_2026-08-15","https://computerscience.rutgers.edu/people/graduate-students/details/kai-mei","2026-08-15","null","Kai Mei","[""AI agent security benchmarking"",""agent attack and defense evaluation""]","{""rutgers_netid"":""km1558""}","[{""person_id"":""person-BATCH-2026-005-kai-mei"",""source_id"":""source-BATCH-2026-005-007"",""source_title"":""Agent Security Bench (ASB): Formalizing and Benchmarking Attacks and Defenses in LLM-based Agents"",""source_version"":""arXiv v4; ICLR 2025"",""relationship"":""author"",""author_order"":3,""organization_at_source_time"":""Rutgers University"",""role_at_source_time"":""Author"",""verification_basis"":""PDF title or contributor page"",""verification_status"":""verified_from_source_byline_and_affiliation"",""current_role_backfilled"":false,""human_review_status"":""approved""}]","approved","[]","ready_for_human_review","The Agent Security Bench coauthor listed as a graduate student by Rutgers Computer Science, not another professional with the same name.","[]","source_connected_dataset_only","person-BATCH-2026-005-kai-mei","[""United States""]","[]","[{""source_url"":""https://computerscience.rutgers.edu/people/graduate-students/details/kai-mei"",""accessed_at"":""2026-08-15"",""retrieval_method"":""official institutional/company page or self-authored professional CV reviewed on the public web"",""exact_locator"":""Graduate Student Details — Kai Mei"",""content_hash"":null,""batch_id"":""BATCH-2026-007"",""prompt_id"":""OEII-PERSON-RESEARCH"",""prompt_version"":""2.0"",""notes"":""Current-role evidence; named human review pending.""},{""source_url"":""https://arxiv.org/abs/2410.02644"",""accessed_at"":""2026-08-15"",""retrieval_method"":""inherited verified source metadata and author relationship cross-check"",""exact_locator"":""arXiv v4; ICLR 2025; byline/contributor relationship and source-time affiliation"",""content_hash"":""e20155df01b3a1f6c0a947c4e9e4871957cff2e507939f7ea21a5fe967d84504"",""batch_id"":""BATCH-2026-007"",""prompt_id"":""OEII-PERSON-RESEARCH"",""prompt_version"":""2.0"",""notes"":""Relationship inherited from BATCH-2026-005 and rechecked for this person batch; named human review pending.""}]","false","none_identified","2026-08-16T23:17:22Z","Murray Newlands","[{""changed_at"":""2026-08-15T22:30:00Z"",""changed_by"":""OpenAI Codex"",""summary"":""Created staging person record with identity disambiguation, source-time role separation, current-role verification, and intellectual-contribution links."",""batch_id"":""BATCH-2026-007""},{""changed_at"":""2026-08-16T23:17:22Z"",""changed_by"":""Murray Newlands"",""summary"":""Approved for the governed-identities pilot release under the exact scope, exclusions, rights treatment, and limitations recorded in issue #18."",""batch_id"":""BATCH-2026-007""}]","[{""person_id"":""person-BATCH-2026-005-kai-mei"",""source_id"":""source-BATCH-2026-005-007"",""source_title"":""Agent Security Bench (ASB): Formalizing and Benchmarking Attacks and Defenses in LLM-based Agents"",""source_version"":""arXiv v4; ICLR 2025"",""relationship"":""author"",""author_order"":3,""organization_at_source_time"":""Rutgers University"",""role_at_source_time"":""Author"",""verification_basis"":""PDF title or contributor page"",""verification_status"":""verified_from_source_byline_and_affiliation"",""current_role_backfilled"":false,""human_review_status"":""approved""}]","[""source-BATCH-2026-005-007""]","[""statement-BATCH-2026-006-028"",""statement-BATCH-2026-006-029"",""statement-BATCH-2026-006-030"",""statement-BATCH-2026-006-031"",""statement-BATCH-2026-006-032""]","identity_authorship_and_current_role_machine_verified_human_approved","published"
"[""L. Beurer-Kellner""]","[]","Luca Beurer-Kellner","[""source-BATCH-2026-005-006""]","Invariant Labs AG","Chief Technology Officer","current_official_company_page_checked_2026-08-15","https://invariantlabs.ai/about","2026-08-15","null","Luca Beurer-Kellner","[""AI agent security"",""prompt injection evaluation""]","{}","[{""person_id"":""person-BATCH-2026-005-luca-beurer-kellner"",""source_id"":""source-BATCH-2026-005-006"",""source_title"":""AgentDojo: A Dynamic Environment to Evaluate Prompt Injection Attacks and Defenses for LLM Agents"",""source_version"":""arXiv v3"",""relationship"":""author"",""author_order"":4,""organization_at_source_time"":""ETH Zurich; Invariant Labs"",""role_at_source_time"":""Author"",""verification_basis"":""PDF title or contributor page"",""verification_status"":""verified_from_source_byline_and_affiliation"",""current_role_backfilled"":false,""human_review_status"":""approved""}]","approved","[]","ready_for_human_review","The AgentDojo coauthor affiliated with ETH Zurich and Invariant Labs in the indexed source.","[]","source_connected_dataset_only","person-BATCH-2026-005-luca-beurer-kellner","[""Switzerland""]","[]","[{""source_url"":""https://invariantlabs.ai/about"",""accessed_at"":""2026-08-15"",""retrieval_method"":""official institutional/company page or self-authored professional CV reviewed on the public web"",""exact_locator"":""About — Luca Beurer-Kellner — Chief Technology Officer"",""content_hash"":null,""batch_id"":""BATCH-2026-007"",""prompt_id"":""OEII-PERSON-RESEARCH"",""prompt_version"":""2.0"",""notes"":""Current-role evidence; named human review pending.""},{""source_url"":""https://arxiv.org/abs/2406.13352"",""accessed_at"":""2026-08-15"",""retrieval_method"":""inherited verified source metadata and author relationship cross-check"",""exact_locator"":""arXiv v3; byline/contributor relationship and source-time affiliation"",""content_hash"":""349884fffbf43282591c5accffd57bb651632f38e412fe303114941bdd111b05"",""batch_id"":""BATCH-2026-007"",""prompt_id"":""OEII-PERSON-RESEARCH"",""prompt_version"":""2.0"",""notes"":""Relationship inherited from BATCH-2026-005 and rechecked for this person batch; named human review pending.""}]","false","none_identified","2026-08-16T23:17:22Z","Murray Newlands","[{""changed_at"":""2026-08-15T22:30:00Z"",""changed_by"":""OpenAI Codex"",""summary"":""Created staging person record with identity disambiguation, source-time role separation, current-role verification, and intellectual-contribution links."",""batch_id"":""BATCH-2026-007""},{""changed_at"":""2026-08-16T23:17:22Z"",""changed_by"":""Murray Newlands"",""summary"":""Approved for the governed-identities pilot release under the exact scope, exclusions, rights treatment, and limitations recorded in issue #18."",""batch_id"":""BATCH-2026-007""}]","[{""person_id"":""person-BATCH-2026-005-luca-beurer-kellner"",""source_id"":""source-BATCH-2026-005-006"",""source_title"":""AgentDojo: A Dynamic Environment to Evaluate Prompt Injection Attacks and Defenses for LLM Agents"",""source_version"":""arXiv v3"",""relationship"":""author"",""author_order"":4,""organization_at_source_time"":""ETH Zurich; Invariant Labs"",""role_at_source_time"":""Author"",""verification_basis"":""PDF title or contributor page"",""verification_status"":""verified_from_source_byline_and_affiliation"",""current_role_backfilled"":false,""human_review_status"":""approved""}]","[""source-BATCH-2026-005-006""]","[""statement-BATCH-2026-006-022"",""statement-BATCH-2026-006-023"",""statement-BATCH-2026-006-024"",""statement-BATCH-2026-006-025"",""statement-BATCH-2026-006-026"",""statement-BATCH-2026-006-027""]","identity_authorship_and_current_role_machine_verified_human_approved","published"
"[""M. Fischer""]","[]","Marc Fischer","[""source-BATCH-2026-005-006""]","Invariant Labs AG","Chief Executive Officer","current_official_company_page_checked_2026-08-15","https://invariantlabs.ai/about","2026-08-15","null","Marc Fischer","[""AI agent security"",""prompt injection evaluation""]","{}","[{""person_id"":""person-BATCH-2026-005-marc-fischer"",""source_id"":""source-BATCH-2026-005-006"",""source_title"":""AgentDojo: A Dynamic Environment to Evaluate Prompt Injection Attacks and Defenses for LLM Agents"",""source_version"":""arXiv v3"",""relationship"":""author"",""author_order"":5,""organization_at_source_time"":""ETH Zurich; Invariant Labs"",""role_at_source_time"":""Author"",""verification_basis"":""PDF title or contributor page"",""verification_status"":""verified_from_source_byline_and_affiliation"",""current_role_backfilled"":false,""human_review_status"":""approved""}]","approved","[]","ready_for_human_review","The AgentDojo coauthor affiliated with ETH Zurich and Invariant Labs in the indexed source.","[]","source_connected_dataset_only","person-BATCH-2026-005-marc-fischer","[""Switzerland""]","[]","[{""source_url"":""https://invariantlabs.ai/about"",""accessed_at"":""2026-08-15"",""retrieval_method"":""official institutional/company page or self-authored professional CV reviewed on the public web"",""exact_locator"":""About — Marc Fischer — Chief Executive Officer"",""content_hash"":null,""batch_id"":""BATCH-2026-007"",""prompt_id"":""OEII-PERSON-RESEARCH"",""prompt_version"":""2.0"",""notes"":""Current-role evidence; named human review pending.""},{""source_url"":""https://arxiv.org/abs/2406.13352"",""accessed_at"":""2026-08-15"",""retrieval_method"":""inherited verified source metadata and author relationship cross-check"",""exact_locator"":""arXiv v3; byline/contributor relationship and source-time affiliation"",""content_hash"":""349884fffbf43282591c5accffd57bb651632f38e412fe303114941bdd111b05"",""batch_id"":""BATCH-2026-007"",""prompt_id"":""OEII-PERSON-RESEARCH"",""prompt_version"":""2.0"",""notes"":""Relationship inherited from BATCH-2026-005 and rechecked for this person batch; named human review pending.""}]","false","none_identified","2026-08-16T23:17:22Z","Murray Newlands","[{""changed_at"":""2026-08-15T22:30:00Z"",""changed_by"":""OpenAI Codex"",""summary"":""Created staging person record with identity disambiguation, source-time role separation, current-role verification, and intellectual-contribution links."",""batch_id"":""BATCH-2026-007""},{""changed_at"":""2026-08-16T23:17:22Z"",""changed_by"":""Murray Newlands"",""summary"":""Approved for the governed-identities pilot release under the exact scope, exclusions, rights treatment, and limitations recorded in issue #18."",""batch_id"":""BATCH-2026-007""}]","[{""person_id"":""person-BATCH-2026-005-marc-fischer"",""source_id"":""source-BATCH-2026-005-006"",""source_title"":""AgentDojo: A Dynamic Environment to Evaluate Prompt Injection Attacks and Defenses for LLM Agents"",""source_version"":""arXiv v3"",""relationship"":""author"",""author_order"":5,""organization_at_source_time"":""ETH Zurich; Invariant Labs"",""role_at_source_time"":""Author"",""verification_basis"":""PDF title or contributor page"",""verification_status"":""verified_from_source_byline_and_affiliation"",""current_role_backfilled"":false,""human_review_status"":""approved""}]","[""source-BATCH-2026-005-006""]","[""statement-BATCH-2026-006-022"",""statement-BATCH-2026-006-023"",""statement-BATCH-2026-006-024"",""statement-BATCH-2026-006-025"",""statement-BATCH-2026-006-026"",""statement-BATCH-2026-006-027""]","identity_authorship_and_current_role_machine_verified_human_approved","published"
"[""Mislav Balunovic"",""M. Balunović"",""M. Balunovic""]","[]","Mislav Balunović","[""source-BATCH-2026-005-006""]","null","null","unresolved_conflicting_current_sources","null","null","null","Mislav Balunović","[""AI agent security"",""prompt injection evaluation""]","{""eth_profile_url"":""https://www.sri.inf.ethz.ch/people/mislav"",""insait_profile_url"":""https://insait.ai/mislav-balunovic/""}","[{""person_id"":""person-BATCH-2026-005-mislav-balunovic"",""source_id"":""source-BATCH-2026-005-006"",""source_title"":""AgentDojo: A Dynamic Environment to Evaluate Prompt Injection Attacks and Defenses for LLM Agents"",""source_version"":""arXiv v3"",""relationship"":""author"",""author_order"":3,""organization_at_source_time"":""ETH Zurich; Invariant Labs"",""role_at_source_time"":""Author"",""verification_basis"":""PDF title or contributor page"",""verification_status"":""verified_from_source_byline_and_affiliation"",""current_role_backfilled"":false,""human_review_status"":""approved""}]","approved","[]","ready_for_human_review","The AgentDojo coauthor affiliated with ETH Zurich and Invariant Labs in the indexed source; diacritic-free author forms refer to the same person.","[]","source_connected_dataset_only","person-BATCH-2026-005-mislav-balunovic","[""Switzerland""]","[]","[{""source_url"":""https://www.sri.inf.ethz.ch/people/mislav"",""accessed_at"":""2026-08-15"",""retrieval_method"":""official institutional profile review"",""exact_locator"":""Profile heading — Post-Doc at ETH Zurich"",""content_hash"":null,""batch_id"":""BATCH-2026-007"",""prompt_id"":""OEII-PERSON-RESEARCH"",""prompt_version"":""2.0"",""notes"":""Conflicts with INSAIT past-member status and a newer self-maintained professional profile; exact present appointment held unresolved.""},{""source_url"":""https://insait.ai/phd-post-docs-research-scientists/"",""accessed_at"":""2026-08-15"",""retrieval_method"":""official institutional directory review"",""exact_locator"":""Past Members — Dr. Mislav Balunović"",""content_hash"":null,""batch_id"":""BATCH-2026-007"",""prompt_id"":""OEII-PERSON-RESEARCH"",""prompt_version"":""2.0"",""notes"":""Shows the INSAIT appointment is historical, but does not establish a current role.""},{""source_url"":""https://arxiv.org/abs/2406.13352"",""accessed_at"":""2026-08-15"",""retrieval_method"":""inherited verified source metadata and author relationship cross-check"",""exact_locator"":""arXiv v3; byline/contributor relationship and source-time affiliation"",""content_hash"":""349884fffbf43282591c5accffd57bb651632f38e412fe303114941bdd111b05"",""batch_id"":""BATCH-2026-007"",""prompt_id"":""OEII-PERSON-RESEARCH"",""prompt_version"":""2.0"",""notes"":""Relationship inherited from BATCH-2026-005 and rechecked for this person batch; named human review pending.""}]","false","none_identified","2026-08-16T23:17:22Z","Murray Newlands","[{""changed_at"":""2026-08-15T22:30:00Z"",""changed_by"":""OpenAI Codex"",""summary"":""Created staging person record with identity disambiguation, source-time role separation, current-role verification, and intellectual-contribution links."",""batch_id"":""BATCH-2026-007""},{""changed_at"":""2026-08-16T23:17:22Z"",""changed_by"":""Murray Newlands"",""summary"":""Approved for the governed-identities pilot release under the exact scope, exclusions, rights treatment, and limitations recorded in issue #18."",""batch_id"":""BATCH-2026-007""}]","[{""person_id"":""person-BATCH-2026-005-mislav-balunovic"",""source_id"":""source-BATCH-2026-005-006"",""source_title"":""AgentDojo: A Dynamic Environment to Evaluate Prompt Injection Attacks and Defenses for LLM Agents"",""source_version"":""arXiv v3"",""relationship"":""author"",""author_order"":3,""organization_at_source_time"":""ETH Zurich; Invariant Labs"",""role_at_source_time"":""Author"",""verification_basis"":""PDF title or contributor page"",""verification_status"":""verified_from_source_byline_and_affiliation"",""current_role_backfilled"":false,""human_review_status"":""approved""}]","[""source-BATCH-2026-005-006""]","[""statement-BATCH-2026-006-022"",""statement-BATCH-2026-006-023"",""statement-BATCH-2026-006-024"",""statement-BATCH-2026-006-025"",""statement-BATCH-2026-006-026"",""statement-BATCH-2026-006-027""]","identity_and_authorship_verified_current_role_unresolved_human_approved","published"
"[""R. Fang""]","[]","Richard Fang","[""source-BATCH-2026-005-008""]","null","null","unresolved_conflicting_or_incomplete_current_sources","null","null","null","Richard Fang","[""AI red-teaming agents"",""zero-day vulnerability evaluation""]","{""openreview_profile"":""https://openreview.net/profile?id=~Richard_Fang1"",""uiuc_profile_url"":""https://siebelschool.illinois.edu/research/undergraduate-research/summer-research-experience-undergraduates/participants/Richard-Fang""}","[{""person_id"":""person-BATCH-2026-005-richard-fang"",""source_id"":""source-BATCH-2026-005-008"",""source_title"":""Teams of LLM Agents Can Exploit Zero-Day Vulnerabilities"",""source_version"":""arXiv v2 submitted 2025-03-30"",""relationship"":""author"",""author_order"":5,""organization_at_source_time"":""University of Illinois Urbana-Champaign"",""role_at_source_time"":""Author"",""verification_basis"":""PDF title or contributor page"",""verification_status"":""verified_from_source_byline_and_affiliation"",""current_role_backfilled"":false,""human_review_status"":""approved""}]","approved","[]","ready_for_human_review","The HPTSA coauthor who participated in Daniel Kang's UIUC research program; current appointment is held unresolved because recent professional profiles do not agree or state an exact role.","[]","source_connected_dataset_only","person-BATCH-2026-005-richard-fang","[""United States""]","[]","[{""source_url"":""https://siebelschool.illinois.edu/research/undergraduate-research/summer-research-experience-undergraduates/participants/Richard-Fang"",""accessed_at"":""2026-08-15"",""retrieval_method"":""official institutional profile review"",""exact_locator"":""2024 research participant — UIUC, freshman, faculty mentor Daniel Kang"",""content_hash"":null,""batch_id"":""BATCH-2026-007"",""prompt_id"":""OEII-PERSON-RESEARCH"",""prompt_version"":""2.0"",""notes"":""Verifies source-era identity but is not fresh enough to establish a current role.""},{""source_url"":""https://openreview.net/profile?id=~Richard_Fang1"",""accessed_at"":""2026-08-15"",""retrieval_method"":""public scholarly identity profile review"",""exact_locator"":""Career & Education History — UIUC undergraduate, 2023–2027"",""content_hash"":null,""batch_id"":""BATCH-2026-007"",""prompt_id"":""OEII-PERSON-RESEARCH"",""prompt_version"":""2.0"",""notes"":""Conflicts with a newer self-maintained professional profile indicating Stanford education; exact present role held unresolved.""},{""source_url"":""https://arxiv.org/abs/2406.01637"",""accessed_at"":""2026-08-15"",""retrieval_method"":""inherited verified source metadata and author relationship cross-check"",""exact_locator"":""arXiv v2 submitted 2025-03-30; byline/contributor relationship and source-time affiliation"",""content_hash"":""f4fc06040f0856d99d2009042b4c6fa0c01206da8ca61cb39a94d52b9867cf71"",""batch_id"":""BATCH-2026-007"",""prompt_id"":""OEII-PERSON-RESEARCH"",""prompt_version"":""2.0"",""notes"":""Relationship inherited from BATCH-2026-005 and rechecked for this person batch; named human review pending.""}]","false","none_identified","2026-08-16T23:17:22Z","Murray Newlands","[{""changed_at"":""2026-08-15T22:30:00Z"",""changed_by"":""OpenAI Codex"",""summary"":""Created staging person record with identity disambiguation, source-time role separation, current-role verification, and intellectual-contribution links."",""batch_id"":""BATCH-2026-007""},{""changed_at"":""2026-08-16T23:17:22Z"",""changed_by"":""Murray Newlands"",""summary"":""Approved for the governed-identities pilot release under the exact scope, exclusions, rights treatment, and limitations recorded in issue #18."",""batch_id"":""BATCH-2026-007""}]","[{""person_id"":""person-BATCH-2026-005-richard-fang"",""source_id"":""source-BATCH-2026-005-008"",""source_title"":""Teams of LLM Agents Can Exploit Zero-Day Vulnerabilities"",""source_version"":""arXiv v2 submitted 2025-03-30"",""relationship"":""author"",""author_order"":5,""organization_at_source_time"":""University of Illinois Urbana-Champaign"",""role_at_source_time"":""Author"",""verification_basis"":""PDF title or contributor page"",""verification_status"":""verified_from_source_byline_and_affiliation"",""current_role_backfilled"":false,""human_review_status"":""approved""}]","[""source-BATCH-2026-005-008""]","[""statement-BATCH-2026-006-033"",""statement-BATCH-2026-006-034"",""statement-BATCH-2026-006-035"",""statement-BATCH-2026-006-036"",""statement-BATCH-2026-006-037"",""statement-BATCH-2026-006-038""]","identity_and_authorship_verified_current_role_unresolved_human_approved","published"
"[""T. South""]","[]","Tobin South","[""source-BATCH-2026-005-004"",""source-idac-390-agentic-ai-identity""]","Stanford University","Research Fellow","current_official_university_profile_checked_2026-08-15","https://digitaleconomy.stanford.edu/person/tobin-south/","2026-08-15","null","Tobin South","[""AI agent identity"",""authenticated delegation"",""AI-agent auditability""]","{""official_profile_url"":""https://digitaleconomy.stanford.edu/person/tobin-south/""}","[{""person_id"":""person-BATCH-2026-005-tobin-south"",""source_id"":""source-BATCH-2026-005-004"",""source_title"":""Identity Management for Agentic AI"",""source_version"":""October 2025 official OpenID Foundation report"",""relationship"":""lead_editor"",""author_order"":1,""organization_at_source_time"":""not reported"",""role_at_source_time"":""Lead editor"",""verification_basis"":""PDF title or contributor page"",""verification_status"":""relationship_verified_affiliation_not_reported"",""current_role_backfilled"":false,""human_review_status"":""approved""},{""person_id"":""person-BATCH-2026-005-tobin-south"",""source_id"":""source-idac-390-agentic-ai-identity"",""source_title"":""#390 - Identity Management for Agentic AI with Tobin South"",""source_version"":""Podcast episode published 2025-12-08"",""relationship"":""speaker"",""author_order"":null,""organization_at_source_time"":""OpenID Foundation"",""role_at_source_time"":""Co-chair, OpenID Foundation Artificial Intelligence Identity Management Community Group"",""verification_basis"":""Official publisher context and in-recording identification"",""verification_status"":""verified"",""current_role_backfilled"":false,""human_review_status"":""approved""}]","approved","[]","ready_for_human_review","The lead editor/first author of the indexed OpenID Foundation report and its arXiv rendition; MIT records show a 2025 PhD completion.","[]","source_connected_dataset_only","person-BATCH-2026-005-tobin-south","[""United States""]","[]","[{""source_url"":""https://digitaleconomy.stanford.edu/person/tobin-south/"",""accessed_at"":""2026-08-15"",""retrieval_method"":""official institutional/company page or self-authored professional CV reviewed on the public web"",""exact_locator"":""Profile heading — Research Fellow, Stanford University"",""content_hash"":null,""batch_id"":""BATCH-2026-007"",""prompt_id"":""OEII-PERSON-RESEARCH"",""prompt_version"":""2.0"",""notes"":""Current-role evidence; named human review pending.""},{""source_url"":""https://openid.net/wp-content/uploads/2025/10/Identity-Management-for-Agentic-AI.pdf"",""accessed_at"":""2026-08-15"",""retrieval_method"":""inherited verified source metadata and author relationship cross-check"",""exact_locator"":""October 2025 official OpenID Foundation report; byline/contributor relationship and source-time affiliation"",""content_hash"":""e6a0e5909fcb2486568180f69d511ae2af8d20a1bfb3028b39b3d1072846f4f3"",""batch_id"":""BATCH-2026-007"",""prompt_id"":""OEII-PERSON-RESEARCH"",""prompt_version"":""2.0"",""notes"":""Relationship inherited from BATCH-2026-005 and rechecked for this person batch; named human review pending.""}]","false","none_identified","2026-08-16T23:17:22Z","Murray Newlands","[{""changed_at"":""2026-08-15T22:30:00Z"",""changed_by"":""OpenAI Codex"",""summary"":""Created staging person record with identity disambiguation, source-time role separation, current-role verification, and intellectual-contribution links."",""batch_id"":""BATCH-2026-007""},{""changed_at"":""2026-08-16T23:17:22Z"",""changed_by"":""Murray Newlands"",""summary"":""Approved for the governed-identities pilot release under the exact scope, exclusions, rights treatment, and limitations recorded in issue #18."",""batch_id"":""BATCH-2026-007""}]","[{""person_id"":""person-BATCH-2026-005-tobin-south"",""source_id"":""source-BATCH-2026-005-004"",""source_title"":""Identity Management for Agentic AI"",""source_version"":""October 2025 official OpenID Foundation report"",""relationship"":""lead_editor"",""author_order"":1,""organization_at_source_time"":""not reported"",""role_at_source_time"":""Lead editor"",""verification_basis"":""PDF title or contributor page"",""verification_status"":""relationship_verified_affiliation_not_reported"",""current_role_backfilled"":false,""human_review_status"":""approved""},{""person_id"":""person-BATCH-2026-005-tobin-south"",""source_id"":""source-idac-390-agentic-ai-identity"",""source_title"":""#390 - Identity Management for Agentic AI with Tobin South"",""source_version"":""Podcast episode published 2025-12-08"",""relationship"":""speaker"",""author_order"":null,""organization_at_source_time"":""OpenID Foundation"",""role_at_source_time"":""Co-chair, OpenID Foundation Artificial Intelligence Identity Management Community Group"",""verification_basis"":""Official publisher context and in-recording identification"",""verification_status"":""verified"",""current_role_backfilled"":false,""human_review_status"":""approved""}]","[""source-BATCH-2026-005-004"",""source-idac-390-agentic-ai-identity""]","[""statement-BATCH-2026-006-015"",""statement-BATCH-2026-006-016"",""statement-BATCH-2026-006-017"",""statement-BATCH-2026-006-018"",""statement-BATCH-2026-006-019"",""statement-BATCH-2026-006-020"",""statement-BATCH-2026-006-021"",""statement-BATCH-2026-004-001"",""statement-BATCH-2026-004-002"",""statement-BATCH-2026-004-003"",""statement-BATCH-2026-004-004"",""statement-BATCH-2026-004-005"",""statement-BATCH-2026-004-006"",""statement-BATCH-2026-004-007"",""statement-BATCH-2026-004-008"",""statement-BATCH-2026-004-009"",""statement-BATCH-2026-004-010""]","identity_authorship_and_current_role_machine_verified_human_approved","published"
"[""Y. Zhang""]","[]","Yongfeng Zhang","[""source-BATCH-2026-005-007""]","Rutgers University","Associate Professor, Director of the Master Program","current_official_university_profile_checked_2026-08-15","https://www.cs.rutgers.edu/people/professors/details/yongfeng-zhang","2026-08-15","null","Yongfeng Zhang","[""AI agent security benchmarking"",""agent attack and defense evaluation""]","{""official_profile_url"":""https://www.cs.rutgers.edu/people/professors/details/yongfeng-zhang""}","[{""person_id"":""person-BATCH-2026-005-yongfeng-zhang"",""source_id"":""source-BATCH-2026-005-007"",""source_title"":""Agent Security Bench (ASB): Formalizing and Benchmarking Attacks and Defenses in LLM-based Agents"",""source_version"":""arXiv v4; ICLR 2025"",""relationship"":""author"",""author_order"":8,""organization_at_source_time"":""Rutgers University"",""role_at_source_time"":""Author"",""verification_basis"":""PDF title or contributor page"",""verification_status"":""verified_from_source_byline_and_affiliation"",""current_role_backfilled"":false,""human_review_status"":""approved""}]","approved","[]","ready_for_human_review","The Rutgers faculty member and eighth author of Agent Security Bench, not another researcher named Yongfeng Zhang.","[]","source_connected_dataset_only","person-BATCH-2026-005-yongfeng-zhang","[""United States""]","[]","[{""source_url"":""https://www.cs.rutgers.edu/people/professors/details/yongfeng-zhang"",""accessed_at"":""2026-08-15"",""retrieval_method"":""official institutional/company page or self-authored professional CV reviewed on the public web"",""exact_locator"":""Faculty Details — Associate Professor, Director of the Master Program"",""content_hash"":null,""batch_id"":""BATCH-2026-007"",""prompt_id"":""OEII-PERSON-RESEARCH"",""prompt_version"":""2.0"",""notes"":""Current-role evidence; named human review pending.""},{""source_url"":""https://arxiv.org/abs/2410.02644"",""accessed_at"":""2026-08-15"",""retrieval_method"":""inherited verified source metadata and author relationship cross-check"",""exact_locator"":""arXiv v4; ICLR 2025; byline/contributor relationship and source-time affiliation"",""content_hash"":""e20155df01b3a1f6c0a947c4e9e4871957cff2e507939f7ea21a5fe967d84504"",""batch_id"":""BATCH-2026-007"",""prompt_id"":""OEII-PERSON-RESEARCH"",""prompt_version"":""2.0"",""notes"":""Relationship inherited from BATCH-2026-005 and rechecked for this person batch; named human review pending.""}]","false","none_identified","2026-08-16T23:17:22Z","Murray Newlands","[{""changed_at"":""2026-08-15T22:30:00Z"",""changed_by"":""OpenAI Codex"",""summary"":""Created staging person record with identity disambiguation, source-time role separation, current-role verification, and intellectual-contribution links."",""batch_id"":""BATCH-2026-007""},{""changed_at"":""2026-08-16T23:17:22Z"",""changed_by"":""Murray Newlands"",""summary"":""Approved for the governed-identities pilot release under the exact scope, exclusions, rights treatment, and limitations recorded in issue #18."",""batch_id"":""BATCH-2026-007""}]","[{""person_id"":""person-BATCH-2026-005-yongfeng-zhang"",""source_id"":""source-BATCH-2026-005-007"",""source_title"":""Agent Security Bench (ASB): Formalizing and Benchmarking Attacks and Defenses in LLM-based Agents"",""source_version"":""arXiv v4; ICLR 2025"",""relationship"":""author"",""author_order"":8,""organization_at_source_time"":""Rutgers University"",""role_at_source_time"":""Author"",""verification_basis"":""PDF title or contributor page"",""verification_status"":""verified_from_source_byline_and_affiliation"",""current_role_backfilled"":false,""human_review_status"":""approved""}]","[""source-BATCH-2026-005-007""]","[""statement-BATCH-2026-006-028"",""statement-BATCH-2026-006-029"",""statement-BATCH-2026-006-030"",""statement-BATCH-2026-006-031"",""statement-BATCH-2026-006-032""]","identity_authorship_and_current_role_machine_verified_human_approved","published"
"[""Y. Zhu""]","[]","Yuxuan Zhu","[""source-BATCH-2026-005-008""]","University of Illinois Urbana-Champaign","PhD Student in Computer Science","current_self_authored_cv_checked_2026-08-15","https://yuxuan18.github.io/assets/cv.pdf","2026-08-15","null","Yuxuan Zhu","[""AI red-teaming agents"",""zero-day vulnerability evaluation""]","{""personal_cv_url"":""https://yuxuan18.github.io/assets/cv.pdf""}","[{""person_id"":""person-BATCH-2026-005-yuxuan-zhu"",""source_id"":""source-BATCH-2026-005-008"",""source_title"":""Teams of LLM Agents Can Exploit Zero-Day Vulnerabilities"",""source_version"":""arXiv v2 submitted 2025-03-30"",""relationship"":""author"",""author_order"":1,""organization_at_source_time"":""University of Illinois Urbana-Champaign"",""role_at_source_time"":""Author"",""verification_basis"":""PDF title or contributor page"",""verification_status"":""verified_from_source_byline_and_affiliation"",""current_role_backfilled"":false,""human_review_status"":""approved""}]","approved","[]","ready_for_human_review","The first author of the indexed HPTSA paper and Daniel Kang advisee at the University of Illinois Urbana-Champaign.","[]","source_connected_dataset_only","person-BATCH-2026-005-yuxuan-zhu","[""United States""]","[]","[{""source_url"":""https://yuxuan18.github.io/assets/cv.pdf"",""accessed_at"":""2026-08-15"",""retrieval_method"":""official institutional/company page or self-authored professional CV reviewed on the public web"",""exact_locator"":""CV p. 1, Education — UIUC PhD, Aug. 2023–present; dated March 1, 2026"",""content_hash"":null,""batch_id"":""BATCH-2026-007"",""prompt_id"":""OEII-PERSON-RESEARCH"",""prompt_version"":""2.0"",""notes"":""Current-role evidence; named human review pending.""},{""source_url"":""https://arxiv.org/abs/2406.01637"",""accessed_at"":""2026-08-15"",""retrieval_method"":""inherited verified source metadata and author relationship cross-check"",""exact_locator"":""arXiv v2 submitted 2025-03-30; byline/contributor relationship and source-time affiliation"",""content_hash"":""f4fc06040f0856d99d2009042b4c6fa0c01206da8ca61cb39a94d52b9867cf71"",""batch_id"":""BATCH-2026-007"",""prompt_id"":""OEII-PERSON-RESEARCH"",""prompt_version"":""2.0"",""notes"":""Relationship inherited from BATCH-2026-005 and rechecked for this person batch; named human review pending.""}]","false","none_identified","2026-08-16T23:17:22Z","Murray Newlands","[{""changed_at"":""2026-08-15T22:30:00Z"",""changed_by"":""OpenAI Codex"",""summary"":""Created staging person record with identity disambiguation, source-time role separation, current-role verification, and intellectual-contribution links."",""batch_id"":""BATCH-2026-007""},{""changed_at"":""2026-08-16T23:17:22Z"",""changed_by"":""Murray Newlands"",""summary"":""Approved for the governed-identities pilot release under the exact scope, exclusions, rights treatment, and limitations recorded in issue #18."",""batch_id"":""BATCH-2026-007""}]","[{""person_id"":""person-BATCH-2026-005-yuxuan-zhu"",""source_id"":""source-BATCH-2026-005-008"",""source_title"":""Teams of LLM Agents Can Exploit Zero-Day Vulnerabilities"",""source_version"":""arXiv v2 submitted 2025-03-30"",""relationship"":""author"",""author_order"":1,""organization_at_source_time"":""University of Illinois Urbana-Champaign"",""role_at_source_time"":""Author"",""verification_basis"":""PDF title or contributor page"",""verification_status"":""verified_from_source_byline_and_affiliation"",""current_role_backfilled"":false,""human_review_status"":""approved""}]","[""source-BATCH-2026-005-008""]","[""statement-BATCH-2026-006-033"",""statement-BATCH-2026-006-034"",""statement-BATCH-2026-006-035"",""statement-BATCH-2026-006-036"",""statement-BATCH-2026-006-037"",""statement-BATCH-2026-006-038""]","identity_authorship_and_current_role_machine_verified_human_approved","published"
"[]","[]","Jeff Steadman","[]","orgref-rsm","Leader, Digital Identity consulting practice","current_official_profile","https://www.identityatthecenter.com/about","2026-08-15","null","Jeff Steadman","[""topic-cybersecurity"",""topic-non-human-identity""]","{""linkedin"":""https://www.linkedin.com/in/jeffsteadman/""}","[]","approved","[""lang-en""]","ready_for_human_review","Identity at the Center co-host and RSM digital identity consulting leader.","[""geo-global""]","metadata","person-jeff-steadman","[]","[]","[{""source_url"":""https://www.identityatthecenter.com/about"",""accessed_at"":""2026-08-15"",""retrieval_method"":""official podcast about page and audio self-identification"",""exact_locator"":""The Hosts; episode 00:10-00:16"",""content_hash"":null,""batch_id"":""BATCH-2026-004"",""prompt_id"":""OEII-MEDIA-RESEARCH"",""prompt_version"":""2.0"",""notes"":null}]","false","none","2026-08-16T23:17:22Z","Murray Newlands","[{""changed_at"":""2026-08-16T23:17:22Z"",""changed_by"":""Murray Newlands"",""summary"":""Approved for the governed-identities pilot release under the exact scope, exclusions, rights treatment, and limitations recorded in issue #18."",""batch_id"":""BATCH-2026-004""}]","[{""source_id"":""source-idac-390-agentic-ai-identity"",""role"":""Co-host and interviewer"",""organization_reference"":""orgref-idac""}]","[""source-idac-390-agentic-ai-identity""]","[]","identity_and_current_role_verified","published"
"[]","[]","Jim McDonald","[]","orgref-rsm","Leader, Digital Identity Advisory Services","current_official_profile","https://www.identityatthecenter.com/about","2026-08-15","null","Jim McDonald","[""topic-cybersecurity"",""topic-non-human-identity""]","{""linkedin"":""https://www.linkedin.com/in/jimmcdonaldpmp/""}","[]","approved","[""lang-en""]","ready_for_human_review","Identity at the Center co-host and RSM digital identity leader.","[""geo-global""]","metadata","person-jim-mcdonald","[]","[]","[{""source_url"":""https://www.identityatthecenter.com/about"",""accessed_at"":""2026-08-15"",""retrieval_method"":""official podcast about page and audio self-identification"",""exact_locator"":""The Hosts; episode 00:10-00:16"",""content_hash"":null,""batch_id"":""BATCH-2026-004"",""prompt_id"":""OEII-MEDIA-RESEARCH"",""prompt_version"":""2.0"",""notes"":null}]","false","none","2026-08-16T23:17:22Z","Murray Newlands","[{""changed_at"":""2026-08-16T23:17:22Z"",""changed_by"":""Murray Newlands"",""summary"":""Approved for the governed-identities pilot release under the exact scope, exclusions, rights treatment, and limitations recorded in issue #18."",""batch_id"":""BATCH-2026-004""}]","[{""source_id"":""source-idac-390-agentic-ai-identity"",""role"":""Co-host and interviewer"",""organization_reference"":""orgref-idac""}]","[""source-idac-390-agentic-ai-identity""]","[]","identity_and_current_role_verified","published"
