"book_edition_id","direct_quote","direct_quote_rights_note","evidence_character","exact_locator","executive_role_context","extraction_method","factual_verification_status","geographic_context","human_review_status","independent_agent_review_status","industry_context","institutional_author","locator_type","machine_extraction_confidence","machine_review_status","neutral_paraphrase","organization_at_source_time","person_id","provenance","publication_status","reviewed_at","reviewed_by","revision_history","source_date","source_id","speaker_role_at_source_time","statement_id","statement_scope","statement_type","topic_ids","uncertainty","workflow_status"
"book-edition-BATCH-2026-002-001","null","No direct quotation used; original OEII paraphrase only.","Historical examples and architecture reasoning","pages 9–20","[""CISO"",""CIO"",""CTO"",""CEO"",""General Counsel"",""Board Director""]","Manual semantic extraction after complete-edition reading, followed by locator replay and separate review pass","Verified against the exact locator in the complete edition","[""Primarily United States and global technology operations""]","approved","See statement-review.csv and double-review-sample.json","[""Technology"",""Financial services"",""Healthcare"",""Public sector"",""Critical infrastructure""]","The 12 named authors of Solving the Bottom Turtle","page","0.94","ready_for_human_review","Dynamic scheduling, ephemeral workloads, and heterogeneous infrastructure make network location and manually managed secrets unreliable foundations for service identity.","null","null","[{""source_url"":""https://spiffe.io/pdf/Solving-the-bottom-turtle-SPIFFE-SPIRE-Book.pdf#page=9"",""accessed_at"":""2026-08-15"",""retrieval_method"":""Complete exact edition retrieved from an official public source and reviewed in full"",""exact_locator"":""pages 9–20"",""content_hash"":""8353e3cf6fb8859ff34b0a43fe8146d7580dd32c9ace863c1a4758440f898fcb"",""batch_id"":""BATCH-2026-003"",""prompt_id"":""OEII-BOOK-DEEP-ANALYSIS"",""prompt_version"":""2.0"",""notes"":""Locator replayed; paraphrase checked for attribution and scope""}]","published","2026-08-16T23:17:22Z","Murray Newlands","[{""changed_at"":""2026-08-16T23:17:22Z"",""changed_by"":""Murray Newlands"",""summary"":""Approved for the governed-identities pilot release under the exact scope, exclusions, rights treatment, and limitations recorded in issue #18."",""batch_id"":""BATCH-2026-003""}]","2020-11-17","source-BATCH-2026-003-001","Named book author or chapter contributor","statement-BATCH-2026-003-001","Distributed infrastructure rather than every identity environment","factual_assertion","[""topic-ai-agents"",""topic-ai-governance"",""topic-cybersecurity"",""topic-non-human-identity"",""topic-enterprise-infrastructure""]","null","published"
"book-edition-BATCH-2026-002-001","null","No direct quotation used; original OEII paraphrase only.","Conceptual threat-model argument","pages 17–19","[""CISO"",""CIO"",""CTO"",""CEO"",""General Counsel"",""Board Director""]","Manual semantic extraction after complete-edition reading, followed by locator replay and separate review pass","Verified against the exact locator in the complete edition","[""Primarily United States and global technology operations""]","approved","See statement-review.csv and double-review-sample.json","[""Technology"",""Financial services"",""Healthcare"",""Public sector"",""Critical infrastructure""]","The 12 named authors of Solving the Bottom Turtle","page","0.94","ready_for_human_review","The bottom-turtle problem is the need to establish an initial root of trust without assuming a long-lived secret that itself requires prior protection.","null","null","[{""source_url"":""https://spiffe.io/pdf/Solving-the-bottom-turtle-SPIFFE-SPIRE-Book.pdf#page=17"",""accessed_at"":""2026-08-15"",""retrieval_method"":""Complete exact edition retrieved from an official public source and reviewed in full"",""exact_locator"":""pages 17–19"",""content_hash"":""8353e3cf6fb8859ff34b0a43fe8146d7580dd32c9ace863c1a4758440f898fcb"",""batch_id"":""BATCH-2026-003"",""prompt_id"":""OEII-BOOK-DEEP-ANALYSIS"",""prompt_version"":""2.0"",""notes"":""Locator replayed; paraphrase checked for attribution and scope""}]","published","2026-08-16T23:17:22Z","Murray Newlands","[{""changed_at"":""2026-08-16T23:17:22Z"",""changed_by"":""Murray Newlands"",""summary"":""Approved for the governed-identities pilot release under the exact scope, exclusions, rights treatment, and limitations recorded in issue #18."",""batch_id"":""BATCH-2026-003""}]","2020-11-17","source-BATCH-2026-003-001","Named book author or chapter contributor","statement-BATCH-2026-003-002","Trust bootstrap for workloads","strategic_framework","[""topic-ai-agents"",""topic-ai-governance"",""topic-cybersecurity"",""topic-non-human-identity"",""topic-enterprise-infrastructure""]","null","published"
"book-edition-BATCH-2026-002-001","null","No direct quotation used; original OEII paraphrase only.","Normative technical definition","pages 38–41","[""CISO"",""CIO"",""CTO"",""CEO"",""General Counsel"",""Board Director""]","Manual semantic extraction after complete-edition reading, followed by locator replay and separate review pass","Verified against the exact locator in the complete edition","[""Primarily United States and global technology operations""]","approved","See statement-review.csv and double-review-sample.json","[""Technology"",""Financial services"",""Healthcare"",""Public sector"",""Critical infrastructure""]","The 12 named authors of Solving the Bottom Turtle","page","0.94","ready_for_human_review","A useful workload identity combines the workload's logical purpose with the authority that issued and vouches for that identity, rather than describing only its network address.","null","null","[{""source_url"":""https://spiffe.io/pdf/Solving-the-bottom-turtle-SPIFFE-SPIRE-Book.pdf#page=38"",""accessed_at"":""2026-08-15"",""retrieval_method"":""Complete exact edition retrieved from an official public source and reviewed in full"",""exact_locator"":""pages 38–41"",""content_hash"":""8353e3cf6fb8859ff34b0a43fe8146d7580dd32c9ace863c1a4758440f898fcb"",""batch_id"":""BATCH-2026-003"",""prompt_id"":""OEII-BOOK-DEEP-ANALYSIS"",""prompt_version"":""2.0"",""notes"":""Locator replayed; paraphrase checked for attribution and scope""}]","published","2026-08-16T23:17:22Z","Murray Newlands","[{""changed_at"":""2026-08-16T23:17:22Z"",""changed_by"":""Murray Newlands"",""summary"":""Approved for the governed-identities pilot release under the exact scope, exclusions, rights treatment, and limitations recorded in issue #18."",""batch_id"":""BATCH-2026-003""}]","2020-11-17","source-BATCH-2026-003-001","Named book author or chapter contributor","statement-BATCH-2026-003-003","SPIFFE-style workload identity","definition","[""topic-ai-agents"",""topic-ai-governance"",""topic-cybersecurity"",""topic-non-human-identity"",""topic-enterprise-infrastructure""]","null","published"
"book-edition-BATCH-2026-002-001","null","No direct quotation used; original OEII paraphrase only.","Cryptographic lifecycle reasoning","pages 45–48","[""CISO"",""CIO"",""CTO"",""CEO"",""General Counsel"",""Board Director""]","Manual semantic extraction after complete-edition reading, followed by locator replay and separate review pass","Verified against the exact locator in the complete edition","[""Primarily United States and global technology operations""]","approved","See statement-review.csv and double-review-sample.json","[""Technology"",""Financial services"",""Healthcare"",""Public sector"",""Critical infrastructure""]","The 12 named authors of Solving the Bottom Turtle","page","0.94","ready_for_human_review","Automatically renewed, short-lived identity documents reduce exposure from copied credentials and reduce dependence on conventional revocation distribution.","null","null","[{""source_url"":""https://spiffe.io/pdf/Solving-the-bottom-turtle-SPIFFE-SPIRE-Book.pdf#page=45"",""accessed_at"":""2026-08-15"",""retrieval_method"":""Complete exact edition retrieved from an official public source and reviewed in full"",""exact_locator"":""pages 45–48"",""content_hash"":""8353e3cf6fb8859ff34b0a43fe8146d7580dd32c9ace863c1a4758440f898fcb"",""batch_id"":""BATCH-2026-003"",""prompt_id"":""OEII-BOOK-DEEP-ANALYSIS"",""prompt_version"":""2.0"",""notes"":""Locator replayed; paraphrase checked for attribution and scope""}]","published","2026-08-16T23:17:22Z","Murray Newlands","[{""changed_at"":""2026-08-16T23:17:22Z"",""changed_by"":""Murray Newlands"",""summary"":""Approved for the governed-identities pilot release under the exact scope, exclusions, rights treatment, and limitations recorded in issue #18."",""batch_id"":""BATCH-2026-003""}]","2020-11-17","source-BATCH-2026-003-001","Named book author or chapter contributor","statement-BATCH-2026-003-004","Credential management; does not eliminate revocation needs in every system","recommendation","[""topic-ai-agents"",""topic-ai-governance"",""topic-cybersecurity"",""topic-non-human-identity"",""topic-enterprise-infrastructure""]","null","published"
"book-edition-BATCH-2026-002-001","null","No direct quotation used; original OEII paraphrase only.","Specification and reference-implementation description","pages 52–59","[""CISO"",""CIO"",""CTO"",""CEO"",""General Counsel"",""Board Director""]","Manual semantic extraction after complete-edition reading, followed by locator replay and separate review pass","Verified against the exact locator in the complete edition","[""Primarily United States and global technology operations""]","approved","See statement-review.csv and double-review-sample.json","[""Technology"",""Financial services"",""Healthcare"",""Public sector"",""Critical infrastructure""]","The 12 named authors of Solving the Bottom Turtle","page","0.94","ready_for_human_review","SPIFFE specifies interoperable workload identity documents and APIs, while SPIRE implements attestation, registration, issuance, and federation as an identity control plane.","null","null","[{""source_url"":""https://spiffe.io/pdf/Solving-the-bottom-turtle-SPIFFE-SPIRE-Book.pdf#page=52"",""accessed_at"":""2026-08-15"",""retrieval_method"":""Complete exact edition retrieved from an official public source and reviewed in full"",""exact_locator"":""pages 52–59"",""content_hash"":""8353e3cf6fb8859ff34b0a43fe8146d7580dd32c9ace863c1a4758440f898fcb"",""batch_id"":""BATCH-2026-003"",""prompt_id"":""OEII-BOOK-DEEP-ANALYSIS"",""prompt_version"":""2.0"",""notes"":""Locator replayed; paraphrase checked for attribution and scope""}]","published","2026-08-16T23:17:22Z","Murray Newlands","[{""changed_at"":""2026-08-16T23:17:22Z"",""changed_by"":""Murray Newlands"",""summary"":""Approved for the governed-identities pilot release under the exact scope, exclusions, rights treatment, and limitations recorded in issue #18."",""batch_id"":""BATCH-2026-003""}]","2020-11-17","source-BATCH-2026-003-001","Named book author or chapter contributor","statement-BATCH-2026-003-005","SPIFFE and SPIRE architecture in the first edition","strategic_framework","[""topic-ai-agents"",""topic-ai-governance"",""topic-cybersecurity"",""topic-non-human-identity"",""topic-enterprise-infrastructure""]","null","published"
"book-edition-BATCH-2026-002-001","null","No direct quotation used; original OEII paraphrase only.","Architecture description and examples","pages 65–70","[""CISO"",""CIO"",""CTO"",""CEO"",""General Counsel"",""Board Director""]","Manual semantic extraction after complete-edition reading, followed by locator replay and separate review pass","Verified against the exact locator in the complete edition","[""Primarily United States and global technology operations""]","approved","See statement-review.csv and double-review-sample.json","[""Technology"",""Financial services"",""Healthcare"",""Public sector"",""Critical infrastructure""]","The 12 named authors of Solving the Bottom Turtle","page","0.94","ready_for_human_review","Node attestation establishes the hosting agent's platform identity, workload attestation inspects process attributes, and registration entries bind accepted conditions to the identity that may be issued.","null","null","[{""source_url"":""https://spiffe.io/pdf/Solving-the-bottom-turtle-SPIFFE-SPIRE-Book.pdf#page=65"",""accessed_at"":""2026-08-15"",""retrieval_method"":""Complete exact edition retrieved from an official public source and reviewed in full"",""exact_locator"":""pages 65–70"",""content_hash"":""8353e3cf6fb8859ff34b0a43fe8146d7580dd32c9ace863c1a4758440f898fcb"",""batch_id"":""BATCH-2026-003"",""prompt_id"":""OEII-BOOK-DEEP-ANALYSIS"",""prompt_version"":""2.0"",""notes"":""Locator replayed; paraphrase checked for attribution and scope""}]","published","2026-08-16T23:17:22Z","Murray Newlands","[{""changed_at"":""2026-08-16T23:17:22Z"",""changed_by"":""Murray Newlands"",""summary"":""Approved for the governed-identities pilot release under the exact scope, exclusions, rights treatment, and limitations recorded in issue #18."",""batch_id"":""BATCH-2026-003""}]","2020-11-17","source-BATCH-2026-003-001","Named book author or chapter contributor","statement-BATCH-2026-003-006","SPIRE issuance flow","strategic_framework","[""topic-ai-agents"",""topic-ai-governance"",""topic-cybersecurity"",""topic-non-human-identity"",""topic-enterprise-infrastructure""]","null","published"
"book-edition-BATCH-2026-002-001","null","No direct quotation used; original OEII paraphrase only.","Explicit threat model and compromise analysis","pages 71–77","[""CISO"",""CIO"",""CTO"",""CEO"",""General Counsel"",""Board Director""]","Manual semantic extraction after complete-edition reading, followed by locator replay and separate review pass","Verified against the exact locator in the complete edition","[""Primarily United States and global technology operations""]","approved","See statement-review.csv and double-review-sample.json","[""Technology"",""Financial services"",""Healthcare"",""Public sector"",""Critical infrastructure""]","The 12 named authors of Solving the Bottom Turtle","page","0.94","ready_for_human_review","The threat model assumes a hostile network but places trust in specified hardware, platform, operator, and plugin boundaries; compromise of a SPIRE server can enable arbitrary identity issuance inside its trust domain.","null","null","[{""source_url"":""https://spiffe.io/pdf/Solving-the-bottom-turtle-SPIFFE-SPIRE-Book.pdf#page=71"",""accessed_at"":""2026-08-15"",""retrieval_method"":""Complete exact edition retrieved from an official public source and reviewed in full"",""exact_locator"":""pages 71–77"",""content_hash"":""8353e3cf6fb8859ff34b0a43fe8146d7580dd32c9ace863c1a4758440f898fcb"",""batch_id"":""BATCH-2026-003"",""prompt_id"":""OEII-BOOK-DEEP-ANALYSIS"",""prompt_version"":""2.0"",""notes"":""Locator replayed; paraphrase checked for attribution and scope""}]","published","2026-08-16T23:17:22Z","Murray Newlands","[{""changed_at"":""2026-08-16T23:17:22Z"",""changed_by"":""Murray Newlands"",""summary"":""Approved for the governed-identities pilot release under the exact scope, exclusions, rights treatment, and limitations recorded in issue #18."",""batch_id"":""BATCH-2026-003""}]","2020-11-17","source-BATCH-2026-003-001","Named book author or chapter contributor","statement-BATCH-2026-003-007","Specified first-edition deployment assumptions","warning","[""topic-ai-agents"",""topic-ai-governance"",""topic-cybersecurity"",""topic-non-human-identity"",""topic-enterprise-infrastructure""]","null","published"
"book-edition-BATCH-2026-002-001","null","No direct quotation used; original OEII paraphrase only.","Practitioner implementation guidance","pages 78–80","[""CISO"",""CIO"",""CTO"",""CEO"",""General Counsel"",""Board Director""]","Manual semantic extraction after complete-edition reading, followed by locator replay and separate review pass","Verified against the exact locator in the complete edition","[""Primarily United States and global technology operations""]","approved","See statement-review.csv and double-review-sample.json","[""Technology"",""Financial services"",""Healthcare"",""Public sector"",""Critical infrastructure""]","The 12 named authors of Solving the Bottom Turtle","page","0.94","ready_for_human_review","A production identity deployment should involve security, platform, application, networking, and operational stakeholders because identity semantics and availability cross team boundaries.","null","null","[{""source_url"":""https://spiffe.io/pdf/Solving-the-bottom-turtle-SPIFFE-SPIRE-Book.pdf#page=78"",""accessed_at"":""2026-08-15"",""retrieval_method"":""Complete exact edition retrieved from an official public source and reviewed in full"",""exact_locator"":""pages 78–80"",""content_hash"":""8353e3cf6fb8859ff34b0a43fe8146d7580dd32c9ace863c1a4758440f898fcb"",""batch_id"":""BATCH-2026-003"",""prompt_id"":""OEII-BOOK-DEEP-ANALYSIS"",""prompt_version"":""2.0"",""notes"":""Locator replayed; paraphrase checked for attribution and scope""}]","published","2026-08-16T23:17:22Z","Murray Newlands","[{""changed_at"":""2026-08-16T23:17:22Z"",""changed_by"":""Murray Newlands"",""summary"":""Approved for the governed-identities pilot release under the exact scope, exclusions, rights treatment, and limitations recorded in issue #18."",""batch_id"":""BATCH-2026-003""}]","2020-11-17","source-BATCH-2026-003-001","Named book author or chapter contributor","statement-BATCH-2026-003-008","Organizational adoption","recommendation","[""topic-ai-agents"",""topic-ai-governance"",""topic-cybersecurity"",""topic-non-human-identity"",""topic-enterprise-infrastructure""]","null","published"
"book-edition-BATCH-2026-002-001","null","No direct quotation used; original OEII paraphrase only.","Migration-pattern tradeoff analysis","pages 81–87","[""CISO"",""CIO"",""CTO"",""CEO"",""General Counsel"",""Board Director""]","Manual semantic extraction after complete-edition reading, followed by locator replay and separate review pass","Verified against the exact locator in the complete edition","[""Primarily United States and global technology operations""]","approved","See statement-review.csv and double-review-sample.json","[""Technology"",""Financial services"",""Healthcare"",""Public sector"",""Critical infrastructure""]","The 12 named authors of Solving the Bottom Turtle","page","0.94","ready_for_human_review","Bridges and proxies can accelerate migration from existing identity islands, but intermediaries may hide or replace the original authenticated workload context.","null","null","[{""source_url"":""https://spiffe.io/pdf/Solving-the-bottom-turtle-SPIFFE-SPIRE-Book.pdf#page=81"",""accessed_at"":""2026-08-15"",""retrieval_method"":""Complete exact edition retrieved from an official public source and reviewed in full"",""exact_locator"":""pages 81–87"",""content_hash"":""8353e3cf6fb8859ff34b0a43fe8146d7580dd32c9ace863c1a4758440f898fcb"",""batch_id"":""BATCH-2026-003"",""prompt_id"":""OEII-BOOK-DEEP-ANALYSIS"",""prompt_version"":""2.0"",""notes"":""Locator replayed; paraphrase checked for attribution and scope""}]","published","2026-08-16T23:17:22Z","Murray Newlands","[{""changed_at"":""2026-08-16T23:17:22Z"",""changed_by"":""Murray Newlands"",""summary"":""Approved for the governed-identities pilot release under the exact scope, exclusions, rights treatment, and limitations recorded in issue #18."",""batch_id"":""BATCH-2026-003""}]","2020-11-17","source-BATCH-2026-003-001","Named book author or chapter contributor","statement-BATCH-2026-003-009","Transitional integrations","warning","[""topic-ai-agents"",""topic-ai-governance"",""topic-cybersecurity"",""topic-non-human-identity"",""topic-enterprise-infrastructure""]","null","published"
"book-edition-BATCH-2026-002-001","null","No direct quotation used; original OEII paraphrase only.","Practitioner rollout guidance","pages 90–99","[""CISO"",""CIO"",""CTO"",""CEO"",""General Counsel"",""Board Director""]","Manual semantic extraction after complete-edition reading, followed by locator replay and separate review pass","Verified against the exact locator in the complete edition","[""Primarily United States and global technology operations""]","approved","See statement-review.csv and double-review-sample.json","[""Technology"",""Financial services"",""Healthcare"",""Public sector"",""Critical infrastructure""]","The 12 named authors of Solving the Bottom Turtle","page","0.94","ready_for_human_review","Migration should be staged through inventory, target-state design, dual operation, measurement, and rollback rather than requiring a single cutover.","null","null","[{""source_url"":""https://spiffe.io/pdf/Solving-the-bottom-turtle-SPIFFE-SPIRE-Book.pdf#page=90"",""accessed_at"":""2026-08-15"",""retrieval_method"":""Complete exact edition retrieved from an official public source and reviewed in full"",""exact_locator"":""pages 90–99"",""content_hash"":""8353e3cf6fb8859ff34b0a43fe8146d7580dd32c9ace863c1a4758440f898fcb"",""batch_id"":""BATCH-2026-003"",""prompt_id"":""OEII-BOOK-DEEP-ANALYSIS"",""prompt_version"":""2.0"",""notes"":""Locator replayed; paraphrase checked for attribution and scope""}]","published","2026-08-16T23:17:22Z","Murray Newlands","[{""changed_at"":""2026-08-16T23:17:22Z"",""changed_by"":""Murray Newlands"",""summary"":""Approved for the governed-identities pilot release under the exact scope, exclusions, rights treatment, and limitations recorded in issue #18."",""batch_id"":""BATCH-2026-003""}]","2020-11-17","source-BATCH-2026-003-001","Named book author or chapter contributor","statement-BATCH-2026-003-010","Enterprise adoption","recommendation","[""topic-ai-agents"",""topic-ai-governance"",""topic-cybersecurity"",""topic-non-human-identity"",""topic-enterprise-infrastructure""]","null","published"
"book-edition-BATCH-2026-002-001","null","No direct quotation used; original OEII paraphrase only.","Operational guidance","pages 99–103","[""CISO"",""CIO"",""CTO"",""CEO"",""General Counsel"",""Board Director""]","Manual semantic extraction after complete-edition reading, followed by locator replay and separate review pass","Verified against the exact locator in the complete edition","[""Primarily United States and global technology operations""]","approved","See statement-review.csv and double-review-sample.json","[""Technology"",""Financial services"",""Healthcare"",""Public sector"",""Critical infrastructure""]","The 12 named authors of Solving the Bottom Turtle","page","0.94","ready_for_human_review","Operators should test identity-control-plane failure modes and protect log integrity and custody because issuance and access records may be needed for investigation.","null","null","[{""source_url"":""https://spiffe.io/pdf/Solving-the-bottom-turtle-SPIFFE-SPIRE-Book.pdf#page=99"",""accessed_at"":""2026-08-15"",""retrieval_method"":""Complete exact edition retrieved from an official public source and reviewed in full"",""exact_locator"":""pages 99–103"",""content_hash"":""8353e3cf6fb8859ff34b0a43fe8146d7580dd32c9ace863c1a4758440f898fcb"",""batch_id"":""BATCH-2026-003"",""prompt_id"":""OEII-BOOK-DEEP-ANALYSIS"",""prompt_version"":""2.0"",""notes"":""Locator replayed; paraphrase checked for attribution and scope""}]","published","2026-08-16T23:17:22Z","Murray Newlands","[{""changed_at"":""2026-08-16T23:17:22Z"",""changed_by"":""Murray Newlands"",""summary"":""Approved for the governed-identities pilot release under the exact scope, exclusions, rights treatment, and limitations recorded in issue #18."",""batch_id"":""BATCH-2026-003""}]","2020-11-17","source-BATCH-2026-003-001","Named book author or chapter contributor","statement-BATCH-2026-003-011","SPIRE operations and audit evidence","recommendation","[""topic-ai-agents"",""topic-ai-governance"",""topic-cybersecurity"",""topic-non-human-identity"",""topic-enterprise-infrastructure""]","null","published"
"book-edition-BATCH-2026-002-001","null","No direct quotation used; original OEII paraphrase only.","Deployment design framework","pages 104–117","[""CISO"",""CIO"",""CTO"",""CEO"",""General Counsel"",""Board Director""]","Manual semantic extraction after complete-edition reading, followed by locator replay and separate review pass","Verified against the exact locator in the complete edition","[""Primarily United States and global technology operations""]","approved","See statement-review.csv and double-review-sample.json","[""Technology"",""Financial services"",""Healthcare"",""Public sector"",""Critical infrastructure""]","The 12 named authors of Solving the Bottom Turtle","page","0.94","ready_for_human_review","Trust-domain boundaries, SPIFFE ID naming, federation relationships, and credential lifetimes jointly determine administrative scope, interoperability, and compromise impact.","null","null","[{""source_url"":""https://spiffe.io/pdf/Solving-the-bottom-turtle-SPIFFE-SPIRE-Book.pdf#page=104"",""accessed_at"":""2026-08-15"",""retrieval_method"":""Complete exact edition retrieved from an official public source and reviewed in full"",""exact_locator"":""pages 104–117"",""content_hash"":""8353e3cf6fb8859ff34b0a43fe8146d7580dd32c9ace863c1a4758440f898fcb"",""batch_id"":""BATCH-2026-003"",""prompt_id"":""OEII-BOOK-DEEP-ANALYSIS"",""prompt_version"":""2.0"",""notes"":""Locator replayed; paraphrase checked for attribution and scope""}]","published","2026-08-16T23:17:22Z","Murray Newlands","[{""changed_at"":""2026-08-16T23:17:22Z"",""changed_by"":""Murray Newlands"",""summary"":""Approved for the governed-identities pilot release under the exact scope, exclusions, rights treatment, and limitations recorded in issue #18."",""batch_id"":""BATCH-2026-003""}]","2020-11-17","source-BATCH-2026-003-001","Named book author or chapter contributor","statement-BATCH-2026-003-012","SPIFFE deployment design","strategic_framework","[""topic-ai-agents"",""topic-ai-governance"",""topic-cybersecurity"",""topic-non-human-identity"",""topic-enterprise-infrastructure""]","null","published"
"book-edition-BATCH-2026-002-001","null","No direct quotation used; original OEII paraphrase only.","Control tradeoff analysis","pages 123–131","[""CISO"",""CIO"",""CTO"",""CEO"",""General Counsel"",""Board Director""]","Manual semantic extraction after complete-edition reading, followed by locator replay and separate review pass","Verified against the exact locator in the complete edition","[""Primarily United States and global technology operations""]","approved","Pass after independent-review correction","[""Technology"",""Financial services"",""Healthcare"",""Public sector"",""Critical infrastructure""]","The 12 named authors of Solving the Bottom Turtle","page","0.94","ready_for_human_review","Automated registration reduces manual burden, but the registration API and data store become security-sensitive dependencies that require protected access, auditing, and reliable storage.","null","null","[{""source_url"":""https://spiffe.io/pdf/Solving-the-bottom-turtle-SPIFFE-SPIRE-Book.pdf#page=123"",""accessed_at"":""2026-08-15"",""retrieval_method"":""Complete exact edition retrieved from an official public source and reviewed in full"",""exact_locator"":""pages 123–131"",""content_hash"":""8353e3cf6fb8859ff34b0a43fe8146d7580dd32c9ace863c1a4758440f898fcb"",""batch_id"":""BATCH-2026-003"",""prompt_id"":""OEII-BOOK-DEEP-ANALYSIS"",""prompt_version"":""2.0"",""notes"":""Locator replayed; paraphrase checked for attribution and scope""}]","published","2026-08-16T23:17:22Z","Murray Newlands","[{""changed_at"":""2026-08-15T00:00:00Z"",""changed_by"":""independent machine review response"",""summary"":""Narrowed the claim to registration API and data-store dependencies supported by pages 123–131."",""batch_id"":""BATCH-2026-003""},{""changed_at"":""2026-08-16T23:17:22Z"",""changed_by"":""Murray Newlands"",""summary"":""Approved for the governed-identities pilot release under the exact scope, exclusions, rights treatment, and limitations recorded in issue #18."",""batch_id"":""BATCH-2026-003""}]","2020-11-17","source-BATCH-2026-003-001","Named book author or chapter contributor","statement-BATCH-2026-003-013","Automated registration systems","warning","[""topic-ai-agents"",""topic-ai-governance"",""topic-cybersecurity"",""topic-non-human-identity"",""topic-enterprise-infrastructure""]","null","published"
"book-edition-BATCH-2026-002-001","null","No direct quotation used; original OEII paraphrase only.","Integration-pattern comparison","pages 133–138","[""CISO"",""CIO"",""CTO"",""CEO"",""General Counsel"",""Board Director""]","Manual semantic extraction after complete-edition reading, followed by locator replay and separate review pass","Verified against the exact locator in the complete edition","[""Primarily United States and global technology operations""]","approved","See statement-review.csv and double-review-sample.json","[""Technology"",""Financial services"",""Healthcare"",""Public sector"",""Critical infrastructure""]","The 12 named authors of Solving the Bottom Turtle","page","0.94","ready_for_human_review","Native workload API integration provides the clearest identity context, while sidecars, proxies, and helper libraries trade application change against operational complexity and context loss.","null","null","[{""source_url"":""https://spiffe.io/pdf/Solving-the-bottom-turtle-SPIFFE-SPIRE-Book.pdf#page=133"",""accessed_at"":""2026-08-15"",""retrieval_method"":""Complete exact edition retrieved from an official public source and reviewed in full"",""exact_locator"":""pages 133–138"",""content_hash"":""8353e3cf6fb8859ff34b0a43fe8146d7580dd32c9ace863c1a4758440f898fcb"",""batch_id"":""BATCH-2026-003"",""prompt_id"":""OEII-BOOK-DEEP-ANALYSIS"",""prompt_version"":""2.0"",""notes"":""Locator replayed; paraphrase checked for attribution and scope""}]","published","2026-08-16T23:17:22Z","Murray Newlands","[{""changed_at"":""2026-08-16T23:17:22Z"",""changed_by"":""Murray Newlands"",""summary"":""Approved for the governed-identities pilot release under the exact scope, exclusions, rights treatment, and limitations recorded in issue #18."",""batch_id"":""BATCH-2026-003""}]","2020-11-17","source-BATCH-2026-003-001","Named book author or chapter contributor","statement-BATCH-2026-003-014","Application integration","recommendation","[""topic-ai-agents"",""topic-ai-governance"",""topic-cybersecurity"",""topic-non-human-identity"",""topic-enterprise-infrastructure""]","null","published"
"book-edition-BATCH-2026-002-001","null","No direct quotation used; original OEII paraphrase only.","Operational inference grounded in logging guidance","pages 139–141","[""CISO"",""CIO"",""CTO"",""CEO"",""General Counsel"",""Board Director""]","Manual semantic extraction after complete-edition reading, followed by locator replay and separate review pass","Verified against the exact locator in the complete edition","[""Primarily United States and global technology operations""]","approved","See statement-review.csv and double-review-sample.json","[""Technology"",""Financial services"",""Healthcare"",""Public sector"",""Critical infrastructure""]","The 12 named authors of Solving the Bottom Turtle","page","0.94","ready_for_human_review","Identity issuance and access logs can supply provenance about which workload received and used an identity, provided logs are protected and correlated across boundaries.","null","null","[{""source_url"":""https://spiffe.io/pdf/Solving-the-bottom-turtle-SPIFFE-SPIRE-Book.pdf#page=139"",""accessed_at"":""2026-08-15"",""retrieval_method"":""Complete exact edition retrieved from an official public source and reviewed in full"",""exact_locator"":""pages 139–141"",""content_hash"":""8353e3cf6fb8859ff34b0a43fe8146d7580dd32c9ace863c1a4758440f898fcb"",""batch_id"":""BATCH-2026-003"",""prompt_id"":""OEII-BOOK-DEEP-ANALYSIS"",""prompt_version"":""2.0"",""notes"":""Locator replayed; paraphrase checked for attribution and scope""}]","published","2026-08-16T23:17:22Z","Murray Newlands","[{""changed_at"":""2026-08-16T23:17:22Z"",""changed_by"":""Murray Newlands"",""summary"":""Approved for the governed-identities pilot release under the exact scope, exclusions, rights treatment, and limitations recorded in issue #18."",""batch_id"":""BATCH-2026-003""}]","2020-11-17","source-BATCH-2026-003-001","Named book author or chapter contributor","statement-BATCH-2026-003-015","Security investigations; provenance is limited to recorded events","interpretation","[""topic-ai-agents"",""topic-ai-governance"",""topic-cybersecurity"",""topic-non-human-identity"",""topic-enterprise-infrastructure""]","null","published"
"book-edition-BATCH-2026-002-001","null","No direct quotation used; original OEII paraphrase only.","Authorization framework and caution","pages 146–153","[""CISO"",""CIO"",""CTO"",""CEO"",""General Counsel"",""Board Director""]","Manual semantic extraction after complete-edition reading, followed by locator replay and separate review pass","Verified against the exact locator in the complete edition","[""Primarily United States and global technology operations""]","approved","See statement-review.csv and double-review-sample.json","[""Technology"",""Financial services"",""Healthcare"",""Public sector"",""Critical infrastructure""]","The 12 named authors of Solving the Bottom Turtle","page","0.94","ready_for_human_review","Authentication establishes identity but does not determine permission; authorization should map identities to external roles or carefully governed attributes and evaluate the requested action.","null","null","[{""source_url"":""https://spiffe.io/pdf/Solving-the-bottom-turtle-SPIFFE-SPIRE-Book.pdf#page=146"",""accessed_at"":""2026-08-15"",""retrieval_method"":""Complete exact edition retrieved from an official public source and reviewed in full"",""exact_locator"":""pages 146–153"",""content_hash"":""8353e3cf6fb8859ff34b0a43fe8146d7580dd32c9ace863c1a4758440f898fcb"",""batch_id"":""BATCH-2026-003"",""prompt_id"":""OEII-BOOK-DEEP-ANALYSIS"",""prompt_version"":""2.0"",""notes"":""Locator replayed; paraphrase checked for attribution and scope""}]","published","2026-08-16T23:17:22Z","Murray Newlands","[{""changed_at"":""2026-08-16T23:17:22Z"",""changed_by"":""Murray Newlands"",""summary"":""Approved for the governed-identities pilot release under the exact scope, exclusions, rights treatment, and limitations recorded in issue #18."",""batch_id"":""BATCH-2026-003""}]","2020-11-17","source-BATCH-2026-003-001","Named book author or chapter contributor","statement-BATCH-2026-003-016","Workload access control","strategic_framework","[""topic-ai-agents"",""topic-ai-governance"",""topic-cybersecurity"",""topic-non-human-identity"",""topic-enterprise-infrastructure""]","null","published"
"book-edition-BATCH-2026-002-001","null","No direct quotation used; original OEII paraphrase only.","Comparative project-authored assessment","pages 159–166","[""CISO"",""CIO"",""CTO"",""CEO"",""General Counsel"",""Board Director""]","Manual semantic extraction after complete-edition reading, followed by locator replay and separate review pass","Verified against the exact locator in the complete edition","[""Primarily United States and global technology operations""]","approved","See statement-review.csv and double-review-sample.json","[""Technology"",""Financial services"",""Healthcare"",""Public sector"",""Critical infrastructure""]","The 12 named authors of Solving the Bottom Turtle","page","0.86","ready_for_human_review","The book characterizes SPIFFE and SPIRE as the only complete solution covering the full workload-identity problem at the time of writing.","null","null","[{""source_url"":""https://spiffe.io/pdf/Solving-the-bottom-turtle-SPIFFE-SPIRE-Book.pdf#page=159"",""accessed_at"":""2026-08-15"",""retrieval_method"":""Complete exact edition retrieved from an official public source and reviewed in full"",""exact_locator"":""pages 159–166"",""content_hash"":""8353e3cf6fb8859ff34b0a43fe8146d7580dd32c9ace863c1a4758440f898fcb"",""batch_id"":""BATCH-2026-003"",""prompt_id"":""OEII-BOOK-DEEP-ANALYSIS"",""prompt_version"":""2.0"",""notes"":""Locator replayed; paraphrase checked for attribution and scope""}]","published","2026-08-16T23:17:22Z","Murray Newlands","[{""changed_at"":""2026-08-16T23:17:22Z"",""changed_by"":""Murray Newlands"",""summary"":""Approved for the governed-identities pilot release under the exact scope, exclusions, rights treatment, and limitations recorded in issue #18."",""batch_id"":""BATCH-2026-003""}]","2020-11-17","source-BATCH-2026-003-001","Named book author or chapter contributor","statement-BATCH-2026-003-017","Ecosystem state asserted in 2020; sweeping and time-bound","opinion","[""topic-ai-agents"",""topic-ai-governance"",""topic-cybersecurity"",""topic-non-human-identity"",""topic-enterprise-infrastructure""]","Claim is time-bound, selected, or self-reported and should not be treated as independent causal evidence.","published"
"book-edition-BATCH-2026-002-001","null","No direct quotation used; original OEII paraphrase only.","Self-reported case stories","pages 168–178","[""CISO"",""CIO"",""CTO"",""CEO"",""General Counsel"",""Board Director""]","Manual semantic extraction after complete-edition reading, followed by locator replay and separate review pass","Verified against the exact locator in the complete edition","[""Primarily United States and global technology operations""]","approved","See statement-review.csv and double-review-sample.json","[""Technology"",""Financial services"",""Healthcare"",""Public sector"",""Critical infrastructure""]","The 12 named authors of Solving the Bottom Turtle","page","0.86","ready_for_human_review","Five organization stories report that adopting SPIFFE or SPIRE simplified credential operations, strengthened service authentication, or enabled multi-platform trust.","null","null","[{""source_url"":""https://spiffe.io/pdf/Solving-the-bottom-turtle-SPIFFE-SPIRE-Book.pdf#page=168"",""accessed_at"":""2026-08-15"",""retrieval_method"":""Complete exact edition retrieved from an official public source and reviewed in full"",""exact_locator"":""pages 168–178"",""content_hash"":""8353e3cf6fb8859ff34b0a43fe8146d7580dd32c9ace863c1a4758440f898fcb"",""batch_id"":""BATCH-2026-003"",""prompt_id"":""OEII-BOOK-DEEP-ANALYSIS"",""prompt_version"":""2.0"",""notes"":""Locator replayed; paraphrase checked for attribution and scope""}]","published","2026-08-16T23:17:22Z","Murray Newlands","[{""changed_at"":""2026-08-16T23:17:22Z"",""changed_by"":""Murray Newlands"",""summary"":""Approved for the governed-identities pilot release under the exact scope, exclusions, rights treatment, and limitations recorded in issue #18."",""batch_id"":""BATCH-2026-003""}]","2020-11-17","source-BATCH-2026-003-001","Named book author or chapter contributor","statement-BATCH-2026-003-018","Five selected adopters; not a controlled comparison","company_reported_outcome","[""topic-ai-agents"",""topic-ai-governance"",""topic-cybersecurity"",""topic-non-human-identity"",""topic-enterprise-infrastructure""]","Claim is time-bound, selected, or self-reported and should not be treated as independent causal evidence.","published"
"book-edition-BATCH-2026-002-007","null","No direct quotation used; original OEII paraphrase only.","Practitioner synthesis and stated thesis","Preface > Why We Wrote This Book","[""CISO"",""CIO"",""CTO"",""CEO"",""General Counsel"",""Board Director""]","Manual semantic extraction after complete-edition reading, followed by locator replay and separate review pass","Verified against the exact locator in the complete edition","[""Primarily United States and global technology operations""]","approved","See statement-review.csv and double-review-sample.json","[""Technology"",""Financial services"",""Healthcare"",""Public sector"",""Critical infrastructure""]","The named book authors of Building Secure and Reliable Systems","chapter_section","0.94","ready_for_human_review","Security and reliability should be designed and operated together across the system lifecycle because late-stage controls cannot reliably compensate for unsafe architecture and operations.","null","null","[{""source_url"":""https://google.github.io/building-secure-and-reliable-systems/raw/pr01.html#why_we_wrote_this_book"",""accessed_at"":""2026-08-15"",""retrieval_method"":""Complete exact edition retrieved from an official public source and reviewed in full"",""exact_locator"":""Preface > Why We Wrote This Book"",""content_hash"":""6bf5050c08be0bced81767ac14bd9b3303e34b3efb667806b3c9e9d6b0ed8cf1"",""batch_id"":""BATCH-2026-003"",""prompt_id"":""OEII-BOOK-DEEP-ANALYSIS"",""prompt_version"":""2.0"",""notes"":""Locator replayed; paraphrase checked for attribution and scope""}]","published","2026-08-16T23:17:22Z","Murray Newlands","[{""changed_at"":""2026-08-16T23:17:22Z"",""changed_by"":""Murray Newlands"",""summary"":""Approved for the governed-identities pilot release under the exact scope, exclusions, rights treatment, and limitations recorded in issue #18."",""batch_id"":""BATCH-2026-003""}]","2020-04-08","source-BATCH-2026-003-002","Named book author or chapter contributor","statement-BATCH-2026-003-019","Software and infrastructure lifecycle","strategic_framework","[""topic-ai-agents"",""topic-ai-governance"",""topic-cybersecurity"",""topic-non-human-identity"",""topic-enterprise-infrastructure""]","null","published"
"book-edition-BATCH-2026-002-007","null","No direct quotation used; original OEII paraphrase only.","Cross-domain conceptual analysis","Chapter 1 > Reliability and Security Commonalities","[""CISO"",""CIO"",""CTO"",""CEO"",""General Counsel"",""Board Director""]","Manual semantic extraction after complete-edition reading, followed by locator replay and separate review pass","Verified against the exact locator in the complete edition","[""Primarily United States and global technology operations""]","approved","See statement-review.csv and double-review-sample.json","[""Technology"",""Financial services"",""Healthcare"",""Public sector"",""Critical infrastructure""]","Adam Stubblefield, Massimiliano Poletto, and Piotr Lewandowski, with David Huska and Betsy Beyer","chapter_section","0.94","ready_for_human_review","Security and reliability are emergent system properties with common needs for prevention, detection, containment, and recovery, even though adversarial intent changes the threat model.","null","null","[{""source_url"":""https://google.github.io/building-secure-and-reliable-systems/raw/ch01.html#reliability_and_security_commonalities"",""accessed_at"":""2026-08-15"",""retrieval_method"":""Complete exact edition retrieved from an official public source and reviewed in full"",""exact_locator"":""Chapter 1 > Reliability and Security Commonalities"",""content_hash"":""6bf5050c08be0bced81767ac14bd9b3303e34b3efb667806b3c9e9d6b0ed8cf1"",""batch_id"":""BATCH-2026-003"",""prompt_id"":""OEII-BOOK-DEEP-ANALYSIS"",""prompt_version"":""2.0"",""notes"":""Locator replayed; paraphrase checked for attribution and scope""}]","published","2026-08-16T23:17:22Z","Murray Newlands","[{""changed_at"":""2026-08-16T23:17:22Z"",""changed_by"":""Murray Newlands"",""summary"":""Approved for the governed-identities pilot release under the exact scope, exclusions, rights treatment, and limitations recorded in issue #18."",""batch_id"":""BATCH-2026-003""}]","2020-04-08","source-BATCH-2026-003-002","Named book author or chapter contributor","statement-BATCH-2026-003-020","Large-scale systems","interpretation","[""topic-ai-agents"",""topic-ai-governance"",""topic-cybersecurity"",""topic-non-human-identity"",""topic-enterprise-infrastructure""]","null","published"
"book-edition-BATCH-2026-002-007","null","No direct quotation used; original OEII paraphrase only.","Threat-model method and examples","Chapter 2 > Risk Assessment Considerations","[""CISO"",""CIO"",""CTO"",""CEO"",""General Counsel"",""Board Director""]","Manual semantic extraction after complete-edition reading, followed by locator replay and separate review pass","Verified against the exact locator in the complete edition","[""Primarily United States and global technology operations""]","approved","Pass after independent-review correction","[""Technology"",""Financial services"",""Healthcare"",""Public sector"",""Critical infrastructure""]","Heather Adkins and David Huska, with Jen Barnason","chapter_section","0.94","ready_for_human_review","Risk assessment should model capable adversaries, valued assets, likely attack paths, and the consequences of successful attacks.","null","null","[{""source_url"":""https://google.github.io/building-secure-and-reliable-systems/raw/ch02.html#risk_assessment_considerations"",""accessed_at"":""2026-08-15"",""retrieval_method"":""Complete exact edition retrieved from an official public source and reviewed in full"",""exact_locator"":""Chapter 2 > Risk Assessment Considerations"",""content_hash"":""6bf5050c08be0bced81767ac14bd9b3303e34b3efb667806b3c9e9d6b0ed8cf1"",""batch_id"":""BATCH-2026-003"",""prompt_id"":""OEII-BOOK-DEEP-ANALYSIS"",""prompt_version"":""2.0"",""notes"":""Locator replayed; paraphrase checked for attribution and scope""}]","published","2026-08-16T23:17:22Z","Murray Newlands","[{""changed_at"":""2026-08-15T00:00:00Z"",""changed_by"":""independent machine review response"",""summary"":""Removed benign-failure language not supported by the Chapter 2 locator."",""batch_id"":""BATCH-2026-003""},{""changed_at"":""2026-08-16T23:17:22Z"",""changed_by"":""Murray Newlands"",""summary"":""Approved for the governed-identities pilot release under the exact scope, exclusions, rights treatment, and limitations recorded in issue #18."",""batch_id"":""BATCH-2026-003""}]","2020-04-08","source-BATCH-2026-003-002","Named book author or chapter contributor","statement-BATCH-2026-003-021","Adversarial system risk assessment","recommendation","[""topic-ai-agents"",""topic-ai-governance"",""topic-cybersecurity"",""topic-non-human-identity"",""topic-enterprise-infrastructure""]","null","published"
"book-edition-BATCH-2026-002-007","null","No direct quotation used; original OEII paraphrase only.","Design framework","Chapter 4 > Design Objectives and Requirements","[""CISO"",""CIO"",""CTO"",""CEO"",""General Counsel"",""Board Director""]","Manual semantic extraction after complete-edition reading, followed by locator replay and separate review pass","Verified against the exact locator in the complete edition","[""Primarily United States and global technology operations""]","approved","See statement-review.csv and double-review-sample.json","[""Technology"",""Financial services"",""Healthcare"",""Public sector"",""Critical infrastructure""]","Christoph Kern, with Brian Gustafson, Paul Blankinship, and Felix Gröbert","chapter_section","0.94","ready_for_human_review","Design decisions should make security, reliability, usability, cost, and other nonfunctional requirements explicit so tradeoffs are evaluated rather than hidden.","null","null","[{""source_url"":""https://google.github.io/building-secure-and-reliable-systems/raw/ch04.html#design_objectives_and_requirements"",""accessed_at"":""2026-08-15"",""retrieval_method"":""Complete exact edition retrieved from an official public source and reviewed in full"",""exact_locator"":""Chapter 4 > Design Objectives and Requirements"",""content_hash"":""6bf5050c08be0bced81767ac14bd9b3303e34b3efb667806b3c9e9d6b0ed8cf1"",""batch_id"":""BATCH-2026-003"",""prompt_id"":""OEII-BOOK-DEEP-ANALYSIS"",""prompt_version"":""2.0"",""notes"":""Locator replayed; paraphrase checked for attribution and scope""}]","published","2026-08-16T23:17:22Z","Murray Newlands","[{""changed_at"":""2026-08-16T23:17:22Z"",""changed_by"":""Murray Newlands"",""summary"":""Approved for the governed-identities pilot release under the exact scope, exclusions, rights treatment, and limitations recorded in issue #18."",""batch_id"":""BATCH-2026-003""}]","2020-04-08","source-BATCH-2026-003-002","Named book author or chapter contributor","statement-BATCH-2026-003-022","System design","strategic_framework","[""topic-ai-agents"",""topic-ai-governance"",""topic-cybersecurity"",""topic-non-human-identity"",""topic-enterprise-infrastructure""]","null","published"
"book-edition-BATCH-2026-002-007","null","No direct quotation used; original OEII paraphrase only.","Security principle with operational examples","Chapter 5 > Least Privilege","[""CISO"",""CIO"",""CTO"",""CEO"",""General Counsel"",""Board Director""]","Manual semantic extraction after complete-edition reading, followed by locator replay and separate review pass","Verified against the exact locator in the complete edition","[""Primarily United States and global technology operations""]","approved","See statement-review.csv and double-review-sample.json","[""Technology"",""Financial services"",""Healthcare"",""Public sector"",""Critical infrastructure""]","Oliver Barrett, Aaron Joyner, and Rory Ward, with Guy Fischman and Betsy Beyer","chapter_section","0.94","ready_for_human_review","Least privilege applies to people, automated jobs, and machines: each principal should receive only the access needed for the current responsibility.","null","null","[{""source_url"":""https://google.github.io/building-secure-and-reliable-systems/raw/ch05.html#least_privilege"",""accessed_at"":""2026-08-15"",""retrieval_method"":""Complete exact edition retrieved from an official public source and reviewed in full"",""exact_locator"":""Chapter 5 > Least Privilege"",""content_hash"":""6bf5050c08be0bced81767ac14bd9b3303e34b3efb667806b3c9e9d6b0ed8cf1"",""batch_id"":""BATCH-2026-003"",""prompt_id"":""OEII-BOOK-DEEP-ANALYSIS"",""prompt_version"":""2.0"",""notes"":""Locator replayed; paraphrase checked for attribution and scope""}]","published","2026-08-16T23:17:22Z","Murray Newlands","[{""changed_at"":""2026-08-16T23:17:22Z"",""changed_by"":""Murray Newlands"",""summary"":""Approved for the governed-identities pilot release under the exact scope, exclusions, rights treatment, and limitations recorded in issue #18."",""batch_id"":""BATCH-2026-003""}]","2020-04-08","source-BATCH-2026-003-002","Named book author or chapter contributor","statement-BATCH-2026-003-023","Human and machine access","recommendation","[""topic-ai-agents"",""topic-ai-governance"",""topic-cybersecurity"",""topic-non-human-identity"",""topic-enterprise-infrastructure""]","null","published"
"book-edition-BATCH-2026-002-007","null","No direct quotation used; original OEII paraphrase only.","Risk-tiering framework","Chapter 5 > Classifying Access Based on Risk","[""CISO"",""CIO"",""CTO"",""CEO"",""General Counsel"",""Board Director""]","Manual semantic extraction after complete-edition reading, followed by locator replay and separate review pass","Verified against the exact locator in the complete edition","[""Primarily United States and global technology operations""]","approved","Pass after independent-review correction","[""Technology"",""Financial services"",""Healthcare"",""Public sector"",""Critical infrastructure""]","Oliver Barrett, Aaron Joyner, and Rory Ward, with Guy Fischman and Betsy Beyer","chapter_section","0.94","ready_for_human_review","Organizations should classify access by the potential impact of misuse and apply controls proportionate to the resulting risk tier.","null","null","[{""source_url"":""https://google.github.io/building-secure-and-reliable-systems/raw/ch05.html#classifying_access_based_on_risk"",""accessed_at"":""2026-08-15"",""retrieval_method"":""Complete exact edition retrieved from an official public source and reviewed in full"",""exact_locator"":""Chapter 5 > Classifying Access Based on Risk"",""content_hash"":""6bf5050c08be0bced81767ac14bd9b3303e34b3efb667806b3c9e9d6b0ed8cf1"",""batch_id"":""BATCH-2026-003"",""prompt_id"":""OEII-BOOK-DEEP-ANALYSIS"",""prompt_version"":""2.0"",""notes"":""Locator replayed; paraphrase checked for attribution and scope""}]","published","2026-08-16T23:17:22Z","Murray Newlands","[{""changed_at"":""2026-08-15T00:00:00Z"",""changed_by"":""independent machine review response"",""summary"":""Removed a specific control list not established by the access-classification section."",""batch_id"":""BATCH-2026-003""},{""changed_at"":""2026-08-16T23:17:22Z"",""changed_by"":""Murray Newlands"",""summary"":""Approved for the governed-identities pilot release under the exact scope, exclusions, rights treatment, and limitations recorded in issue #18."",""batch_id"":""BATCH-2026-003""}]","2020-04-08","source-BATCH-2026-003-002","Named book author or chapter contributor","statement-BATCH-2026-003-024","Privileged operations","strategic_framework","[""topic-ai-agents"",""topic-ai-governance"",""topic-cybersecurity"",""topic-non-human-identity"",""topic-enterprise-infrastructure""]","null","published"
"book-edition-BATCH-2026-002-007","null","No direct quotation used; original OEII paraphrase only.","Design guidance and examples","Chapter 5 > Small Functional APIs; Auditing","[""CISO"",""CIO"",""CTO"",""CEO"",""General Counsel"",""Board Director""]","Manual semantic extraction after complete-edition reading, followed by locator replay and separate review pass","Verified against the exact locator in the complete edition","[""Primarily United States and global technology operations""]","approved","See statement-review.csv and double-review-sample.json","[""Technology"",""Financial services"",""Healthcare"",""Public sector"",""Critical infrastructure""]","Oliver Barrett, Aaron Joyner, and Rory Ward, with Guy Fischman and Betsy Beyer","chapter_section","0.94","ready_for_human_review","Sensitive operations should be exposed through narrow functional APIs and recorded in action-oriented audit logs rather than granted as broad administrative access.","null","null","[{""source_url"":""https://google.github.io/building-secure-and-reliable-systems/raw/ch05.html#small_functional_apis"",""accessed_at"":""2026-08-15"",""retrieval_method"":""Complete exact edition retrieved from an official public source and reviewed in full"",""exact_locator"":""Chapter 5 > Small Functional APIs; Auditing"",""content_hash"":""6bf5050c08be0bced81767ac14bd9b3303e34b3efb667806b3c9e9d6b0ed8cf1"",""batch_id"":""BATCH-2026-003"",""prompt_id"":""OEII-BOOK-DEEP-ANALYSIS"",""prompt_version"":""2.0"",""notes"":""Locator replayed; paraphrase checked for attribution and scope""}]","published","2026-08-16T23:17:22Z","Murray Newlands","[{""changed_at"":""2026-08-16T23:17:22Z"",""changed_by"":""Murray Newlands"",""summary"":""Approved for the governed-identities pilot release under the exact scope, exclusions, rights treatment, and limitations recorded in issue #18."",""batch_id"":""BATCH-2026-003""}]","2020-04-08","source-BATCH-2026-003-002","Named book author or chapter contributor","statement-BATCH-2026-003-025","Administrative and automated access","recommendation","[""topic-ai-agents"",""topic-ai-governance"",""topic-cybersecurity"",""topic-non-human-identity"",""topic-enterprise-infrastructure""]","null","published"
"book-edition-BATCH-2026-002-007","null","No direct quotation used; original OEII paraphrase only.","Contextual authorization model","Chapter 5 > A Policy Framework for Authentication and Authorization","[""CISO"",""CIO"",""CTO"",""CEO"",""General Counsel"",""Board Director""]","Manual semantic extraction after complete-edition reading, followed by locator replay and separate review pass","Verified against the exact locator in the complete edition","[""Primarily United States and global technology operations""]","approved","See statement-review.csv and double-review-sample.json","[""Technology"",""Financial services"",""Healthcare"",""Public sector"",""Critical infrastructure""]","Oliver Barrett, Aaron Joyner, and Rory Ward, with Guy Fischman and Betsy Beyer","chapter_section","0.94","ready_for_human_review","Authorization policy can evaluate the action, arguments, request source, principal metadata, and server-side context rather than treating a credential as sufficient permission.","null","null","[{""source_url"":""https://google.github.io/building-secure-and-reliable-systems/raw/ch05.html#a_policy_framework_for_authentication_a"",""accessed_at"":""2026-08-15"",""retrieval_method"":""Complete exact edition retrieved from an official public source and reviewed in full"",""exact_locator"":""Chapter 5 > A Policy Framework for Authentication and Authorization"",""content_hash"":""6bf5050c08be0bced81767ac14bd9b3303e34b3efb667806b3c9e9d6b0ed8cf1"",""batch_id"":""BATCH-2026-003"",""prompt_id"":""OEII-BOOK-DEEP-ANALYSIS"",""prompt_version"":""2.0"",""notes"":""Locator replayed; paraphrase checked for attribution and scope""}]","published","2026-08-16T23:17:22Z","Murray Newlands","[{""changed_at"":""2026-08-16T23:17:22Z"",""changed_by"":""Murray Newlands"",""summary"":""Approved for the governed-identities pilot release under the exact scope, exclusions, rights treatment, and limitations recorded in issue #18."",""batch_id"":""BATCH-2026-003""}]","2020-04-08","source-BATCH-2026-003-002","Named book author or chapter contributor","statement-BATCH-2026-003-026","Risk-aware access decisions","strategic_framework","[""topic-ai-agents"",""topic-ai-governance"",""topic-cybersecurity"",""topic-non-human-identity"",""topic-enterprise-infrastructure""]","null","published"
"book-edition-BATCH-2026-002-007","null","No direct quotation used; original OEII paraphrase only.","Control recommendations","Chapter 5 > Advanced Controls","[""CISO"",""CIO"",""CTO"",""CEO"",""General Counsel"",""Board Director""]","Manual semantic extraction after complete-edition reading, followed by locator replay and separate review pass","Verified against the exact locator in the complete edition","[""Primarily United States and global technology operations""]","approved","See statement-review.csv and double-review-sample.json","[""Technology"",""Financial services"",""Healthcare"",""Public sector"",""Critical infrastructure""]","Oliver Barrett, Aaron Joyner, and Rory Ward, with Guy Fischman and Betsy Beyer","chapter_section","0.94","ready_for_human_review","High-impact access should use controls such as multi-party approval, temporary grants, structured business justification, and monitored breakglass procedures.","null","null","[{""source_url"":""https://google.github.io/building-secure-and-reliable-systems/raw/ch05.html#advanced_controls"",""accessed_at"":""2026-08-15"",""retrieval_method"":""Complete exact edition retrieved from an official public source and reviewed in full"",""exact_locator"":""Chapter 5 > Advanced Controls"",""content_hash"":""6bf5050c08be0bced81767ac14bd9b3303e34b3efb667806b3c9e9d6b0ed8cf1"",""batch_id"":""BATCH-2026-003"",""prompt_id"":""OEII-BOOK-DEEP-ANALYSIS"",""prompt_version"":""2.0"",""notes"":""Locator replayed; paraphrase checked for attribution and scope""}]","published","2026-08-16T23:17:22Z","Murray Newlands","[{""changed_at"":""2026-08-16T23:17:22Z"",""changed_by"":""Murray Newlands"",""summary"":""Approved for the governed-identities pilot release under the exact scope, exclusions, rights treatment, and limitations recorded in issue #18."",""batch_id"":""BATCH-2026-003""}]","2020-04-08","source-BATCH-2026-003-002","Named book author or chapter contributor","statement-BATCH-2026-003-027","High-risk administrative access","recommendation","[""topic-ai-agents"",""topic-ai-governance"",""topic-cybersecurity"",""topic-non-human-identity"",""topic-enterprise-infrastructure""]","null","published"
"book-edition-BATCH-2026-002-007","null","No direct quotation used; original OEII paraphrase only.","Human-factors and architecture reasoning","Chapter 6 > Understandable Identities, Authentication, and Authorization","[""CISO"",""CIO"",""CTO"",""CEO"",""General Counsel"",""Board Director""]","Manual semantic extraction after complete-edition reading, followed by locator replay and separate review pass","Verified against the exact locator in the complete edition","[""Primarily United States and global technology operations""]","approved","See statement-review.csv and double-review-sample.json","[""Technology"",""Financial services"",""Healthcare"",""Public sector"",""Critical infrastructure""]","Julien Boeuf, Christoph Kern, and John Reese, with Guy Fischman, Paul Blankinship, Aleksandra Culver, Sergey Simakov, Peter Valchev, and Douglas Colish","chapter_section","0.94","ready_for_human_review","Identities, authentication flows, interfaces, trusted computing bases, and security boundaries should be understandable enough for operators to reason about normal and failure behavior.","null","null","[{""source_url"":""https://google.github.io/building-secure-and-reliable-systems/raw/ch06.html#understandable_identitiescomma_authenti"",""accessed_at"":""2026-08-15"",""retrieval_method"":""Complete exact edition retrieved from an official public source and reviewed in full"",""exact_locator"":""Chapter 6 > Understandable Identities, Authentication, and Authorization"",""content_hash"":""6bf5050c08be0bced81767ac14bd9b3303e34b3efb667806b3c9e9d6b0ed8cf1"",""batch_id"":""BATCH-2026-003"",""prompt_id"":""OEII-BOOK-DEEP-ANALYSIS"",""prompt_version"":""2.0"",""notes"":""Locator replayed; paraphrase checked for attribution and scope""}]","published","2026-08-16T23:17:22Z","Murray Newlands","[{""changed_at"":""2026-08-16T23:17:22Z"",""changed_by"":""Murray Newlands"",""summary"":""Approved for the governed-identities pilot release under the exact scope, exclusions, rights treatment, and limitations recorded in issue #18."",""batch_id"":""BATCH-2026-003""}]","2020-04-08","source-BATCH-2026-003-002","Named book author or chapter contributor","statement-BATCH-2026-003-028","Security-critical systems","recommendation","[""topic-ai-agents"",""topic-ai-governance"",""topic-cybersecurity"",""topic-non-human-identity"",""topic-enterprise-infrastructure""]","null","published"
"book-edition-BATCH-2026-002-007","null","No direct quotation used; original OEII paraphrase only.","Resilience framework and examples","Chapter 8 > Automate Responsibly; Controlling the Blast Radius","[""CISO"",""CIO"",""CTO"",""CEO"",""General Counsel"",""Board Director""]","Manual semantic extraction after complete-edition reading, followed by locator replay and separate review pass","Verified against the exact locator in the complete edition","[""Primarily United States and global technology operations""]","approved","See statement-review.csv and double-review-sample.json","[""Technology"",""Financial services"",""Healthcare"",""Public sector"",""Critical infrastructure""]","Vitaliy Shipitsyn, Mitch Adler, Zoltan Egyed, and Paul Blankinship, with Jesus Climent, Jessie Yang, Douglas Colish, and Christoph Kern","chapter_section","0.94","ready_for_human_review","Automation should be layered with independent checks, bounded failure domains, progressive rollout, and retained human intervention so a flawed action cannot spread without limit.","null","null","[{""source_url"":""https://google.github.io/building-secure-and-reliable-systems/raw/ch08.html#automate_responsibly"",""accessed_at"":""2026-08-15"",""retrieval_method"":""Complete exact edition retrieved from an official public source and reviewed in full"",""exact_locator"":""Chapter 8 > Automate Responsibly; Controlling the Blast Radius"",""content_hash"":""6bf5050c08be0bced81767ac14bd9b3303e34b3efb667806b3c9e9d6b0ed8cf1"",""batch_id"":""BATCH-2026-003"",""prompt_id"":""OEII-BOOK-DEEP-ANALYSIS"",""prompt_version"":""2.0"",""notes"":""Locator replayed; paraphrase checked for attribution and scope""}]","published","2026-08-16T23:17:22Z","Murray Newlands","[{""changed_at"":""2026-08-16T23:17:22Z"",""changed_by"":""Murray Newlands"",""summary"":""Approved for the governed-identities pilot release under the exact scope, exclusions, rights treatment, and limitations recorded in issue #18."",""batch_id"":""BATCH-2026-003""}]","2020-04-08","source-BATCH-2026-003-002","Named book author or chapter contributor","statement-BATCH-2026-003-029","Automated production systems","strategic_framework","[""topic-ai-agents"",""topic-ai-governance"",""topic-cybersecurity"",""topic-non-human-identity"",""topic-enterprise-infrastructure""]","null","published"
"book-edition-BATCH-2026-002-007","null","No direct quotation used; original OEII paraphrase only.","Recovery guidance","Chapter 9 > Use an Explicit Revocation Mechanism; Know Your Intended State, Down to the Bytes","[""CISO"",""CIO"",""CTO"",""CEO"",""General Counsel"",""Board Director""]","Manual semantic extraction after complete-edition reading, followed by locator replay and separate review pass","Verified against the exact locator in the complete edition","[""Primarily United States and global technology operations""]","approved","See statement-review.csv and double-review-sample.json","[""Technology"",""Financial services"",""Healthcare"",""Public sector"",""Critical infrastructure""]","Aaron Joyner, Jon McCune, and Vitaliy Shipitsyn, with Constantinos Neophytou, Jessie Yang, and Kristina Bennett","chapter_section","0.94","ready_for_human_review","Recovery requires explicit revocation, knowledge of intended state, tested restoration paths, and mechanisms that do not depend on the component already known to be compromised.","null","null","[{""source_url"":""https://google.github.io/building-secure-and-reliable-systems/raw/ch09.html#use_an_explicit_revocation_mechanism"",""accessed_at"":""2026-08-15"",""retrieval_method"":""Complete exact edition retrieved from an official public source and reviewed in full"",""exact_locator"":""Chapter 9 > Use an Explicit Revocation Mechanism; Know Your Intended State, Down to the Bytes"",""content_hash"":""6bf5050c08be0bced81767ac14bd9b3303e34b3efb667806b3c9e9d6b0ed8cf1"",""batch_id"":""BATCH-2026-003"",""prompt_id"":""OEII-BOOK-DEEP-ANALYSIS"",""prompt_version"":""2.0"",""notes"":""Locator replayed; paraphrase checked for attribution and scope""}]","published","2026-08-16T23:17:22Z","Murray Newlands","[{""changed_at"":""2026-08-16T23:17:22Z"",""changed_by"":""Murray Newlands"",""summary"":""Approved for the governed-identities pilot release under the exact scope, exclusions, rights treatment, and limitations recorded in issue #18."",""batch_id"":""BATCH-2026-003""}]","2020-04-08","source-BATCH-2026-003-002","Named book author or chapter contributor","statement-BATCH-2026-003-030","Compromise recovery","recommendation","[""topic-ai-agents"",""topic-ai-governance"",""topic-cybersecurity"",""topic-non-human-identity"",""topic-enterprise-infrastructure""]","null","published"
"book-edition-BATCH-2026-002-007","null","No direct quotation used; original OEII paraphrase only.","Supply-chain design guidance and experience","Chapter 14 > Verify Artifacts, Not Just People; Binary Provenance","[""CISO"",""CIO"",""CTO"",""CEO"",""General Counsel"",""Board Director""]","Manual semantic extraction after complete-edition reading, followed by locator replay and separate review pass","Verified against the exact locator in the complete edition","[""Primarily United States and global technology operations""]","approved","See statement-review.csv and double-review-sample.json","[""Technology"",""Financial services"",""Healthcare"",""Public sector"",""Critical infrastructure""]","Jeremiah Spradlin and Mark Lodato, with Sergey Simakov and Roxana Loza","chapter_section","0.94","ready_for_human_review","Deployment systems should verify artifacts and their provenance at controlled choke points instead of relying only on the identity of developers or on earlier review events.","null","null","[{""source_url"":""https://google.github.io/building-secure-and-reliable-systems/raw/ch14.html#verify_artifactscomma_not_just_people"",""accessed_at"":""2026-08-15"",""retrieval_method"":""Complete exact edition retrieved from an official public source and reviewed in full"",""exact_locator"":""Chapter 14 > Verify Artifacts, Not Just People; Binary Provenance"",""content_hash"":""6bf5050c08be0bced81767ac14bd9b3303e34b3efb667806b3c9e9d6b0ed8cf1"",""batch_id"":""BATCH-2026-003"",""prompt_id"":""OEII-BOOK-DEEP-ANALYSIS"",""prompt_version"":""2.0"",""notes"":""Locator replayed; paraphrase checked for attribution and scope""}]","published","2026-08-16T23:17:22Z","Murray Newlands","[{""changed_at"":""2026-08-16T23:17:22Z"",""changed_by"":""Murray Newlands"",""summary"":""Approved for the governed-identities pilot release under the exact scope, exclusions, rights treatment, and limitations recorded in issue #18."",""batch_id"":""BATCH-2026-003""}]","2020-04-08","source-BATCH-2026-003-002","Named book author or chapter contributor","statement-BATCH-2026-003-031","Software build and deployment","recommendation","[""topic-ai-agents"",""topic-ai-governance"",""topic-cybersecurity"",""topic-non-human-identity"",""topic-enterprise-infrastructure""]","null","published"
"book-edition-BATCH-2026-002-007","null","No direct quotation used; original OEII paraphrase only.","Investigation and privacy tradeoff","Chapter 15 > Design Your Logging to Be Immutable; Take Privacy into Consideration","[""CISO"",""CIO"",""CTO"",""CEO"",""General Counsel"",""Board Director""]","Manual semantic extraction after complete-edition reading, followed by locator replay and separate review pass","Verified against the exact locator in the complete edition","[""Primarily United States and global technology operations""]","approved","See statement-review.csv and double-review-sample.json","[""Technology"",""Financial services"",""Healthcare"",""Public sector"",""Critical infrastructure""]","Pete Nuttall, Matt Linton, and David Seidman, with Vera Haas, Julie Saracino, and Amaya Booker","chapter_section","0.94","ready_for_human_review","Security logs should resist alteration while their collection, access, retention, and content are governed to avoid creating unnecessary privacy exposure.","null","null","[{""source_url"":""https://google.github.io/building-secure-and-reliable-systems/raw/ch15.html#design_your_logging_to_be_immutable"",""accessed_at"":""2026-08-15"",""retrieval_method"":""Complete exact edition retrieved from an official public source and reviewed in full"",""exact_locator"":""Chapter 15 > Design Your Logging to Be Immutable; Take Privacy into Consideration"",""content_hash"":""6bf5050c08be0bced81767ac14bd9b3303e34b3efb667806b3c9e9d6b0ed8cf1"",""batch_id"":""BATCH-2026-003"",""prompt_id"":""OEII-BOOK-DEEP-ANALYSIS"",""prompt_version"":""2.0"",""notes"":""Locator replayed; paraphrase checked for attribution and scope""}]","published","2026-08-16T23:17:22Z","Murray Newlands","[{""changed_at"":""2026-08-16T23:17:22Z"",""changed_by"":""Murray Newlands"",""summary"":""Approved for the governed-identities pilot release under the exact scope, exclusions, rights treatment, and limitations recorded in issue #18."",""batch_id"":""BATCH-2026-003""}]","2020-04-08","source-BATCH-2026-003-002","Named book author or chapter contributor","statement-BATCH-2026-003-032","Operational logging","warning","[""topic-ai-agents"",""topic-ai-governance"",""topic-cybersecurity"",""topic-non-human-identity"",""topic-enterprise-infrastructure""]","null","published"
"book-edition-BATCH-2026-002-007","null","No direct quotation used; original OEII paraphrase only.","Operational guidance and exercise examples","Chapter 16 > Disaster Planning","[""CISO"",""CIO"",""CTO"",""CEO"",""General Counsel"",""Board Director""]","Manual semantic extraction after complete-edition reading, followed by locator replay and separate review pass","Verified against the exact locator in the complete edition","[""Primarily United States and global technology operations""]","approved","See statement-review.csv and double-review-sample.json","[""Technology"",""Financial services"",""Healthcare"",""Public sector"",""Critical infrastructure""]","Michael Robinson and Sean Noonan, with Alex Bramley and Kavita Guliani","chapter_section","0.94","ready_for_human_review","Disaster response should be rehearsed through structured exercises and, where safe, production tests because an untested recovery plan is only an assumption.","null","null","[{""source_url"":""https://google.github.io/building-secure-and-reliable-systems/raw/ch16.html#disaster_planning"",""accessed_at"":""2026-08-15"",""retrieval_method"":""Complete exact edition retrieved from an official public source and reviewed in full"",""exact_locator"":""Chapter 16 > Disaster Planning"",""content_hash"":""6bf5050c08be0bced81767ac14bd9b3303e34b3efb667806b3c9e9d6b0ed8cf1"",""batch_id"":""BATCH-2026-003"",""prompt_id"":""OEII-BOOK-DEEP-ANALYSIS"",""prompt_version"":""2.0"",""notes"":""Locator replayed; paraphrase checked for attribution and scope""}]","published","2026-08-16T23:17:22Z","Murray Newlands","[{""changed_at"":""2026-08-16T23:17:22Z"",""changed_by"":""Murray Newlands"",""summary"":""Approved for the governed-identities pilot release under the exact scope, exclusions, rights treatment, and limitations recorded in issue #18."",""batch_id"":""BATCH-2026-003""}]","2020-04-08","source-BATCH-2026-003-002","Named book author or chapter contributor","statement-BATCH-2026-003-033","Business continuity and technical recovery","recommendation","[""topic-ai-agents"",""topic-ai-governance"",""topic-cybersecurity"",""topic-non-human-identity"",""topic-enterprise-infrastructure""]","null","published"
"book-edition-BATCH-2026-002-007","null","No direct quotation used; original OEII paraphrase only.","Incident-management operating model","Chapter 17 > Crisis Management","[""CISO"",""CIO"",""CTO"",""CEO"",""General Counsel"",""Board Director""]","Manual semantic extraction after complete-edition reading, followed by locator replay and separate review pass","Verified against the exact locator in the complete edition","[""Primarily United States and global technology operations""]","approved","See statement-review.csv and double-review-sample.json","[""Technology"",""Financial services"",""Healthcare"",""Public sector"",""Critical infrastructure""]","Matt Linton, with Nick Soda and Gary O’Connor","chapter_section","0.94","ready_for_human_review","Major incidents benefit from an explicit incident commander and separate coordination, mitigation, investigation, and communication responsibilities.","null","null","[{""source_url"":""https://google.github.io/building-secure-and-reliable-systems/raw/ch17.html#crisis_management"",""accessed_at"":""2026-08-15"",""retrieval_method"":""Complete exact edition retrieved from an official public source and reviewed in full"",""exact_locator"":""Chapter 17 > Crisis Management"",""content_hash"":""6bf5050c08be0bced81767ac14bd9b3303e34b3efb667806b3c9e9d6b0ed8cf1"",""batch_id"":""BATCH-2026-003"",""prompt_id"":""OEII-BOOK-DEEP-ANALYSIS"",""prompt_version"":""2.0"",""notes"":""Locator replayed; paraphrase checked for attribution and scope""}]","published","2026-08-16T23:17:22Z","Murray Newlands","[{""changed_at"":""2026-08-16T23:17:22Z"",""changed_by"":""Murray Newlands"",""summary"":""Approved for the governed-identities pilot release under the exact scope, exclusions, rights treatment, and limitations recorded in issue #18."",""batch_id"":""BATCH-2026-003""}]","2020-04-08","source-BATCH-2026-003-002","Named book author or chapter contributor","statement-BATCH-2026-003-034","Major incidents","strategic_framework","[""topic-ai-agents"",""topic-ai-governance"",""topic-cybersecurity"",""topic-non-human-identity"",""topic-enterprise-infrastructure""]","null","published"
"book-edition-BATCH-2026-002-007","null","No direct quotation used; original OEII paraphrase only.","Organizational design argument","Chapter 20 > Who Is Responsible for Security and Reliability?","[""CISO"",""CIO"",""CTO"",""CEO"",""General Counsel"",""Board Director""]","Manual semantic extraction after complete-edition reading, followed by locator replay and separate review pass","Verified against the exact locator in the complete edition","[""Primarily United States and global technology operations""]","approved","See statement-review.csv and double-review-sample.json","[""Technology"",""Financial services"",""Healthcare"",""Public sector"",""Critical infrastructure""]","Heather Adkins, Cyrus Vesuna, Hunter King, Felix Gröbert, and David Challoner, with Susanne Landers, Steven Roddis, Sergey Simakov, Shylaja Nukala, Janet Vong, Douglas Colish, Betsy Beyer, and Paul Blankinship","chapter_section","0.94","ready_for_human_review","Security and reliability are responsibilities of everyone who changes or operates the system, supported by specialists, embedded champions, clear ownership, and executive and board stakeholders.","null","null","[{""source_url"":""https://google.github.io/building-secure-and-reliable-systems/raw/ch20.html#who_is_responsible_for_security_and_rel"",""accessed_at"":""2026-08-15"",""retrieval_method"":""Complete exact edition retrieved from an official public source and reviewed in full"",""exact_locator"":""Chapter 20 > Who Is Responsible for Security and Reliability?"",""content_hash"":""6bf5050c08be0bced81767ac14bd9b3303e34b3efb667806b3c9e9d6b0ed8cf1"",""batch_id"":""BATCH-2026-003"",""prompt_id"":""OEII-BOOK-DEEP-ANALYSIS"",""prompt_version"":""2.0"",""notes"":""Locator replayed; paraphrase checked for attribution and scope""}]","published","2026-08-16T23:17:22Z","Murray Newlands","[{""changed_at"":""2026-08-16T23:17:22Z"",""changed_by"":""Murray Newlands"",""summary"":""Approved for the governed-identities pilot release under the exact scope, exclusions, rights treatment, and limitations recorded in issue #18."",""batch_id"":""BATCH-2026-003""}]","2020-04-08","source-BATCH-2026-003-002","Named book author or chapter contributor","statement-BATCH-2026-003-035","Technology organizations","policy_position","[""topic-ai-agents"",""topic-ai-governance"",""topic-cybersecurity"",""topic-non-human-identity"",""topic-enterprise-infrastructure""]","null","published"
"book-edition-BATCH-2026-002-007","null","No direct quotation used; original OEII paraphrase only.","Culture and governance guidance","Chapter 21 > Culture of Inevitability; Culture of Sustainability; Align Project Goals and Participant Incentives","[""CISO"",""CIO"",""CTO"",""CEO"",""General Counsel"",""Board Director""]","Manual semantic extraction after complete-edition reading, followed by locator replay and separate review pass","Verified against the exact locator in the complete edition","[""Primarily United States and global technology operations""]","approved","Pass after independent-review correction","[""Technology"",""Financial services"",""Healthcare"",""Public sector"",""Critical infrastructure""]","Heather Adkins, with Peter Valchev, Felix Gröbert, Ana Oprea, Sergey Simakov, Douglas Colish, and Betsy Beyer","chapter_section","0.94","ready_for_human_review","Leaders should deliberately shape incentives, treat failure as inevitable, reward learning and reporting, and provide sustainable resources for security and reliability work.","null","null","[{""source_url"":""https://google.github.io/building-secure-and-reliable-systems/raw/ch21.html#twoone_building_a_culture_of_security_a"",""accessed_at"":""2026-08-15"",""retrieval_method"":""Complete exact edition retrieved from an official public source and reviewed in full"",""exact_locator"":""Chapter 21 > Culture of Inevitability; Culture of Sustainability; Align Project Goals and Participant Incentives"",""content_hash"":""6bf5050c08be0bced81767ac14bd9b3303e34b3efb667806b3c9e9d6b0ed8cf1"",""batch_id"":""BATCH-2026-003"",""prompt_id"":""OEII-BOOK-DEEP-ANALYSIS"",""prompt_version"":""2.0"",""notes"":""Locator replayed; paraphrase checked for attribution and scope""}]","published","2026-08-16T23:17:22Z","Murray Newlands","[{""changed_at"":""2026-08-15T00:00:00Z"",""changed_by"":""independent machine review response"",""summary"":""Replaced the nonexistent #culture fragment with the verified Chapter 21 anchor and supporting section names."",""batch_id"":""BATCH-2026-003""},{""changed_at"":""2026-08-16T23:17:22Z"",""changed_by"":""Murray Newlands"",""summary"":""Approved for the governed-identities pilot release under the exact scope, exclusions, rights treatment, and limitations recorded in issue #18."",""batch_id"":""BATCH-2026-003""}]","2020-04-08","source-BATCH-2026-003-002","Named book author or chapter contributor","statement-BATCH-2026-003-036","Organizational leadership","recommendation","[""topic-ai-agents"",""topic-ai-governance"",""topic-cybersecurity"",""topic-non-human-identity"",""topic-enterprise-infrastructure""]","null","published"
"null","null","null","expert_interpretation_and_source_time_reported_experience","00:09:11","[""role-ciso"",""role-cto""]","machine_assisted_transcript_navigation_with_audio_context_review","source_verified_context_not_empirical","[""geo-global""]","approved","not_reviewed","[""cross-industry enterprise""]","null","timestamp","0.96","ready_for_human_review","South says delegated authority becomes materially harder with AI agents because nondeterministic systems can act externally, creating a need for a dedicated standards community to define safer identity infrastructure.","OpenID Foundation","person-BATCH-2026-005-tobin-south","[{""source_url"":""https://podcasts.apple.com/us/podcast/390-identity-management-for-agentic-ai-with-tobin-south/id1471899975?i=1000740200992"",""accessed_at"":""2026-08-15"",""retrieval_method"":""original audio plus timestamped research transcript"",""exact_locator"":""00:09:11-00:10:02"",""content_hash"":""sha256:779b09ce66832cb86acf34c091302cc3a653f5487dd4b640bed84c16570af40d"",""batch_id"":""BATCH-2026-004"",""prompt_id"":""OEII-MEDIA-RESEARCH"",""prompt_version"":""2.0"",""notes"":null}]","published","2026-08-16T23:17:22Z","Murray Newlands","[{""changed_at"":""2026-08-16T23:17:22Z"",""changed_by"":""Murray Newlands"",""summary"":""Approved for the governed-identities pilot release under the exact scope, exclusions, rights treatment, and limitations recorded in issue #18."",""batch_id"":""BATCH-2026-004""}]","2025-12-08","source-idac-390-agentic-ai-identity","Co-chair, Artificial Intelligence Identity Management Community Group","statement-BATCH-2026-004-001","Standards and identity implications of delegated authority for nondeterministic agents.","interpretation","[""topic-ai-agents"",""topic-ai-governance"",""topic-non-human-identity""]","The statement describes a perceived standards need, not measured risk prevalence.","published"
"null","null","null","expert_taxonomy","00:12:53","[""role-ciso"",""role-cio"",""role-cto""]","machine_assisted_transcript_navigation_with_audio_context_review","conceptual_framework_not_empirical","[""geo-global""]","approved","not_reviewed","[""cross-industry enterprise""]","null","timestamp","0.94","ready_for_human_review","South distinguishes an assistive AI that remains close to a user's direct interaction from an agent exercising delegated authority after receiving only a high-level goal, and from an autonomous service-like agent.","OpenID Foundation","person-BATCH-2026-005-tobin-south","[{""source_url"":""https://podcasts.apple.com/us/podcast/390-identity-management-for-agentic-ai-with-tobin-south/id1471899975?i=1000740200992"",""accessed_at"":""2026-08-15"",""retrieval_method"":""original audio plus timestamped research transcript"",""exact_locator"":""00:12:53-00:14:12"",""content_hash"":""sha256:779b09ce66832cb86acf34c091302cc3a653f5487dd4b640bed84c16570af40d"",""batch_id"":""BATCH-2026-004"",""prompt_id"":""OEII-MEDIA-RESEARCH"",""prompt_version"":""2.0"",""notes"":null}]","published","2026-08-16T23:17:22Z","Murray Newlands","[{""changed_at"":""2026-08-16T23:17:22Z"",""changed_by"":""Murray Newlands"",""summary"":""Approved for the governed-identities pilot release under the exact scope, exclusions, rights treatment, and limitations recorded in issue #18."",""batch_id"":""BATCH-2026-004""}]","2025-12-08","source-idac-390-agentic-ai-identity","Co-chair, Artificial Intelligence Identity Management Community Group","statement-BATCH-2026-004-002","Functional distinctions among assistive, delegated, and service-like AI agents.","strategic_framework","[""topic-ai-agents"",""topic-non-human-identity""]","Terminology remains unsettled and the categories can overlap.","published"
"null","null","null","expert_recommendation","00:18:28","[""role-ciso"",""role-cio"",""role-cto""]","machine_assisted_transcript_navigation_with_audio_context_review","normative_not_empirical","[""geo-global""]","approved","not_reviewed","[""cross-industry enterprise""]","null","timestamp","0.98","ready_for_human_review","South recommends giving an assistant selective service access and preserving the ability to distinguish actions taken by the assistant from actions taken by the principal, instead of sharing the principal's full credentials.","OpenID Foundation","person-BATCH-2026-005-tobin-south","[{""source_url"":""https://podcasts.apple.com/us/podcast/390-identity-management-for-agentic-ai-with-tobin-south/id1471899975?i=1000740200992"",""accessed_at"":""2026-08-15"",""retrieval_method"":""original audio plus timestamped research transcript"",""exact_locator"":""00:18:28-00:19:10"",""content_hash"":""sha256:779b09ce66832cb86acf34c091302cc3a653f5487dd4b640bed84c16570af40d"",""batch_id"":""BATCH-2026-004"",""prompt_id"":""OEII-MEDIA-RESEARCH"",""prompt_version"":""2.0"",""notes"":null}]","published","2026-08-16T23:17:22Z","Murray Newlands","[{""changed_at"":""2026-08-16T23:17:22Z"",""changed_by"":""Murray Newlands"",""summary"":""Approved for the governed-identities pilot release under the exact scope, exclusions, rights treatment, and limitations recorded in issue #18."",""batch_id"":""BATCH-2026-004""}]","2025-12-08","source-idac-390-agentic-ai-identity","Co-chair, Artificial Intelligence Identity Management Community Group","statement-BATCH-2026-004-003","Credential separation, selective access, and action attribution for delegated assistants.","recommendation","[""topic-cybersecurity"",""topic-non-human-identity"",""topic-ai-governance""]","null","published"
"null","null","null","expert_governance_framework","00:19:15","[""role-ciso"",""role-cio"",""role-cto"",""role-board-director""]","machine_assisted_transcript_navigation_with_audio_context_review","normative_not_empirical","[""geo-global""]","approved","not_reviewed","[""cross-industry enterprise""]","null","timestamp","0.96","ready_for_human_review","South assigns different governance responsibilities to consumer-assistant builders, web and standards bodies, and enterprises, with enterprise deployments requiring explicit identity and access-management policies and procedures.","OpenID Foundation","person-BATCH-2026-005-tobin-south","[{""source_url"":""https://podcasts.apple.com/us/podcast/390-identity-management-for-agentic-ai-with-tobin-south/id1471899975?i=1000740200992"",""accessed_at"":""2026-08-15"",""retrieval_method"":""original audio plus timestamped research transcript"",""exact_locator"":""00:19:15-00:19:44"",""content_hash"":""sha256:779b09ce66832cb86acf34c091302cc3a653f5487dd4b640bed84c16570af40d"",""batch_id"":""BATCH-2026-004"",""prompt_id"":""OEII-MEDIA-RESEARCH"",""prompt_version"":""2.0"",""notes"":null}]","published","2026-08-16T23:17:22Z","Murray Newlands","[{""changed_at"":""2026-08-16T23:17:22Z"",""changed_by"":""Murray Newlands"",""summary"":""Approved for the governed-identities pilot release under the exact scope, exclusions, rights treatment, and limitations recorded in issue #18."",""batch_id"":""BATCH-2026-004""}]","2025-12-08","source-idac-390-agentic-ai-identity","Co-chair, Artificial Intelligence Identity Management Community Group","statement-BATCH-2026-004-004","Allocation of identity-governance responsibilities across builders, standards bodies, and enterprises.","strategic_framework","[""topic-ai-governance"",""topic-enterprise-infrastructure"",""topic-non-human-identity""]","The division of responsibility is conceptual and may vary by deployment and jurisdiction.","published"
"null","null","null","expert_recommendation","00:21:50","[""role-ciso"",""role-cio"",""role-cto""]","machine_assisted_transcript_navigation_with_audio_context_review","normative_with_product_landscape_observation_unverified","[""geo-global""]","approved","not_reviewed","[""cross-industry enterprise""]","null","timestamp","0.95","ready_for_human_review","South rejects a single universal fix and recommends adapting existing web identity, delegated-authority, and enterprise identity systems so agents can be declared, linked to a human principal, provisioned, and deprovisioned.","OpenID Foundation","person-BATCH-2026-005-tobin-south","[{""source_url"":""https://podcasts.apple.com/us/podcast/390-identity-management-for-agentic-ai-with-tobin-south/id1471899975?i=1000740200992"",""accessed_at"":""2026-08-15"",""retrieval_method"":""original audio plus timestamped research transcript"",""exact_locator"":""00:21:50-00:22:52"",""content_hash"":""sha256:779b09ce66832cb86acf34c091302cc3a653f5487dd4b640bed84c16570af40d"",""batch_id"":""BATCH-2026-004"",""prompt_id"":""OEII-MEDIA-RESEARCH"",""prompt_version"":""2.0"",""notes"":null}]","published","2026-08-16T23:17:22Z","Murray Newlands","[{""changed_at"":""2026-08-16T23:17:22Z"",""changed_by"":""Murray Newlands"",""summary"":""Approved for the governed-identities pilot release under the exact scope, exclusions, rights treatment, and limitations recorded in issue #18."",""batch_id"":""BATCH-2026-004""}]","2025-12-08","source-idac-390-agentic-ai-identity","Co-chair, Artificial Intelligence Identity Management Community Group","statement-BATCH-2026-004-005","Incremental adaptation of existing identity infrastructure for agent lifecycle and delegation.","recommendation","[""topic-ai-governance"",""topic-enterprise-infrastructure"",""topic-non-human-identity""]","Specific provider capabilities were not systematically compared.","published"
"null","null","null","expert_prediction","00:24:51","[""role-ciso"",""role-cio"",""role-cto""]","machine_assisted_transcript_navigation_with_audio_context_review","prediction_not_yet_verifiable","[""geo-global""]","approved","not_reviewed","[""cross-industry enterprise""]","null","timestamp","0.96","ready_for_human_review","South predicts that access permissions, human oversight, and service-access management—not only model capability—will constrain the usefulness of long-running agents.","OpenID Foundation","person-BATCH-2026-005-tobin-south","[{""source_url"":""https://podcasts.apple.com/us/podcast/390-identity-management-for-agentic-ai-with-tobin-south/id1471899975?i=1000740200992"",""accessed_at"":""2026-08-15"",""retrieval_method"":""original audio plus timestamped research transcript"",""exact_locator"":""00:24:51-00:25:09"",""content_hash"":""sha256:779b09ce66832cb86acf34c091302cc3a653f5487dd4b640bed84c16570af40d"",""batch_id"":""BATCH-2026-004"",""prompt_id"":""OEII-MEDIA-RESEARCH"",""prompt_version"":""2.0"",""notes"":null}]","published","2026-08-16T23:17:22Z","Murray Newlands","[{""changed_at"":""2026-08-16T23:17:22Z"",""changed_by"":""Murray Newlands"",""summary"":""Approved for the governed-identities pilot release under the exact scope, exclusions, rights treatment, and limitations recorded in issue #18."",""batch_id"":""BATCH-2026-004""}]","2025-12-08","source-idac-390-agentic-ai-identity","Co-chair, Artificial Intelligence Identity Management Community Group","statement-BATCH-2026-004-006","Operational constraints on long-horizon agent deployment.","prediction","[""topic-ai-agents"",""topic-ai-governance"",""topic-cybersecurity""]","No adoption timeline or measured limiting effect is supplied.","published"
"null","null","null","expert_warning_and_interpretation","00:27:37","[""role-ciso"",""role-general-counsel"",""role-board-director"",""role-ceo""]","machine_assisted_transcript_navigation_with_audio_context_review","conceptual_not_jurisdiction_specific","[""geo-global""]","approved","not_reviewed","[""cross-industry enterprise""]","null","timestamp","0.95","ready_for_human_review","South warns that responsibility for consequential agent actions is legally and operationally unclear, and argues for guardrails that combine task alignment, bounded access, and explicit analysis of business-process risk and liability.","OpenID Foundation","person-BATCH-2026-005-tobin-south","[{""source_url"":""https://podcasts.apple.com/us/podcast/390-identity-management-for-agentic-ai-with-tobin-south/id1471899975?i=1000740200992"",""accessed_at"":""2026-08-15"",""retrieval_method"":""original audio plus timestamped research transcript"",""exact_locator"":""00:27:37-00:29:22"",""content_hash"":""sha256:779b09ce66832cb86acf34c091302cc3a653f5487dd4b640bed84c16570af40d"",""batch_id"":""BATCH-2026-004"",""prompt_id"":""OEII-MEDIA-RESEARCH"",""prompt_version"":""2.0"",""notes"":null}]","published","2026-08-16T23:17:22Z","Murray Newlands","[{""changed_at"":""2026-08-16T23:17:22Z"",""changed_by"":""Murray Newlands"",""summary"":""Approved for the governed-identities pilot release under the exact scope, exclusions, rights treatment, and limitations recorded in issue #18."",""batch_id"":""BATCH-2026-004""}]","2025-12-08","source-idac-390-agentic-ai-identity","Co-chair, Artificial Intelligence Identity Management Community Group","statement-BATCH-2026-004-007","Responsibility, legal agency, and guardrails for consequential automated actions.","warning","[""topic-ai-liability"",""topic-ai-governance"",""topic-cybersecurity""]","This is not legal advice and does not resolve liability under any jurisdiction.","published"
"null","null","null","expert_recommendation_with_illustrative_example","00:30:16","[""role-ciso"",""role-cio"",""role-cto""]","machine_assisted_transcript_navigation_with_audio_context_review","example_not_independently_tested_in_batch","[""geo-global""]","approved","not_reviewed","[""technology and cloud"",""cross-industry enterprise""]","null","timestamp","0.94","ready_for_human_review","South recommends agent-specific interfaces that restrict available actions and preserve an agent identity, rather than allowing an agent to use a human-oriented command interface that makes its activity appear to be the user's own.","OpenID Foundation","person-BATCH-2026-005-tobin-south","[{""source_url"":""https://podcasts.apple.com/us/podcast/390-identity-management-for-agentic-ai-with-tobin-south/id1471899975?i=1000740200992"",""accessed_at"":""2026-08-15"",""retrieval_method"":""original audio plus timestamped research transcript"",""exact_locator"":""00:30:16-00:31:34"",""content_hash"":""sha256:779b09ce66832cb86acf34c091302cc3a653f5487dd4b640bed84c16570af40d"",""batch_id"":""BATCH-2026-004"",""prompt_id"":""OEII-MEDIA-RESEARCH"",""prompt_version"":""2.0"",""notes"":""Product-specific details require freshness review.""}]","published","2026-08-16T23:17:22Z","Murray Newlands","[{""changed_at"":""2026-08-16T23:17:22Z"",""changed_by"":""Murray Newlands"",""summary"":""Approved for the governed-identities pilot release under the exact scope, exclusions, rights treatment, and limitations recorded in issue #18."",""batch_id"":""BATCH-2026-004""}]","2025-12-08","source-idac-390-agentic-ai-identity","Co-chair, Artificial Intelligence Identity Management Community Group","statement-BATCH-2026-004-008","Interface design and attribution for AI access to developer tools.","recommendation","[""topic-cybersecurity"",""topic-non-human-identity"",""topic-enterprise-infrastructure""]","The example describes a specific interface pattern and may change with product implementation.","published"
"null","null","null","expert_explanatory_definition","00:32:32","[""role-ciso"",""role-cio"",""role-cto""]","machine_assisted_transcript_navigation_with_audio_context_review","source_verified_simplified_description","[""geo-global""]","approved","not_reviewed","[""technology and cloud"",""cross-industry enterprise""]","null","timestamp","0.96","ready_for_human_review","South describes Model Context Protocol as an agent-oriented wrapper around APIs that translates a natural-language interaction into access to tools while relying on familiar concepts such as scopes, API keys, and OAuth consent.","OpenID Foundation","person-BATCH-2026-005-tobin-south","[{""source_url"":""https://podcasts.apple.com/us/podcast/390-identity-management-for-agentic-ai-with-tobin-south/id1471899975?i=1000740200992"",""accessed_at"":""2026-08-15"",""retrieval_method"":""original audio plus timestamped research transcript"",""exact_locator"":""00:32:32-00:33:51"",""content_hash"":""sha256:779b09ce66832cb86acf34c091302cc3a653f5487dd4b640bed84c16570af40d"",""batch_id"":""BATCH-2026-004"",""prompt_id"":""OEII-MEDIA-RESEARCH"",""prompt_version"":""2.0"",""notes"":null}]","published","2026-08-16T23:17:22Z","Murray Newlands","[{""changed_at"":""2026-08-16T23:17:22Z"",""changed_by"":""Murray Newlands"",""summary"":""Approved for the governed-identities pilot release under the exact scope, exclusions, rights treatment, and limitations recorded in issue #18."",""batch_id"":""BATCH-2026-004""}]","2025-12-08","source-idac-390-agentic-ai-identity","Co-chair, Artificial Intelligence Identity Management Community Group","statement-BATCH-2026-004-009","High-level functional explanation of MCP in relation to existing API authorization concepts.","definition","[""topic-ai-agents"",""topic-enterprise-infrastructure"",""topic-cybersecurity""]","The presenter explicitly frames this as a first approximation rather than a complete protocol definition.","published"
"null","null","null","expert_governance_framework","00:42:44","[""role-ciso"",""role-cio"",""role-cto""]","machine_assisted_transcript_navigation_with_audio_context_review","normative_not_empirical","[""geo-global""]","approved","not_reviewed","[""cross-industry enterprise""]","null","timestamp","0.98","ready_for_human_review","South explains that recursive delegation moves the human principal farther from each downstream action, so every sub-agent should receive only the narrower permissions needed for its task rather than inheriting the principal agent's full scope.","OpenID Foundation","person-BATCH-2026-005-tobin-south","[{""source_url"":""https://podcasts.apple.com/us/podcast/390-identity-management-for-agentic-ai-with-tobin-south/id1471899975?i=1000740200992"",""accessed_at"":""2026-08-15"",""retrieval_method"":""original audio plus timestamped research transcript"",""exact_locator"":""00:42:44-00:45:15"",""content_hash"":""sha256:779b09ce66832cb86acf34c091302cc3a653f5487dd4b640bed84c16570af40d"",""batch_id"":""BATCH-2026-004"",""prompt_id"":""OEII-MEDIA-RESEARCH"",""prompt_version"":""2.0"",""notes"":null}]","published","2026-08-16T23:17:22Z","Murray Newlands","[{""changed_at"":""2026-08-16T23:17:22Z"",""changed_by"":""Murray Newlands"",""summary"":""Approved for the governed-identities pilot release under the exact scope, exclusions, rights treatment, and limitations recorded in issue #18."",""batch_id"":""BATCH-2026-004""}]","2025-12-08","source-idac-390-agentic-ai-identity","Co-chair, Artificial Intelligence Identity Management Community Group","statement-BATCH-2026-004-010","Scope attenuation across multi-step agent delegation chains.","strategic_framework","[""topic-ai-governance"",""topic-cybersecurity"",""topic-non-human-identity""]","Implementation mechanisms are not evaluated in the episode.","published"
"null","null","null","vendor_presenter_interpretation","00:04:36","[""role-ciso"",""role-cio"",""role-cto""]","speaker_labeled_platform_caption_review_checked_against_video","conceptual_not_empirical","[""geo-global""]","approved","not_reviewed","[""cross-industry enterprise""]","SailPoint Technologies","timestamp","0.99","ready_for_human_review","Shillinglaw characterizes an AI agent as technically a machine identity that is designed to act more like a human and therefore calls for governance closer to human-identity controls than a conventional machine account receives.","SailPoint Technologies","person-amy-shillinglaw","[{""source_url"":""https://developer.sailpoint.com/discuss/t/governing-ai-agents-with-agent-identity-security/188944"",""accessed_at"":""2026-08-15"",""retrieval_method"":""official embedded video and platform captions"",""exact_locator"":""00:04:36-00:04:56"",""content_hash"":""sha256:a254342e28dcc6b6bd1994f5366e0ea44c02899eacb3a2861a795f567a5ced7c"",""batch_id"":""BATCH-2026-004"",""prompt_id"":""OEII-MEDIA-RESEARCH"",""prompt_version"":""2.0"",""notes"":null}]","published","2026-08-16T23:17:22Z","Murray Newlands","[{""changed_at"":""2026-08-16T23:17:22Z"",""changed_by"":""Murray Newlands"",""summary"":""Approved for the governed-identities pilot release under the exact scope, exclusions, rights treatment, and limitations recorded in issue #18."",""batch_id"":""BATCH-2026-004""}]","2025-11-20","source-sailpoint-governing-ai-agents-2025","Technical Advocate","statement-BATCH-2026-004-011","Governance treatment of AI agents relative to human and machine identities.","interpretation","[""topic-ai-agents"",""topic-non-human-identity"",""topic-ai-governance""]","This is SailPoint's framing, not a settled taxonomy.","published"
"null","null","null","vendor_presenter_definition","00:08:27","[""role-ciso"",""role-cio"",""role-cto""]","speaker_labeled_platform_caption_review_checked_against_video","conceptual_not_empirical","[""geo-global""]","approved","not_reviewed","[""cross-industry enterprise""]","SailPoint Technologies","timestamp","0.99","ready_for_human_review","Shillinglaw defines AI agents as mostly autonomous systems that make decisions, solve complex problems, launch subtasks, and invoke external tools such as APIs, functions, scripts, service accounts, or other engines.","SailPoint Technologies","person-amy-shillinglaw","[{""source_url"":""https://developer.sailpoint.com/discuss/t/governing-ai-agents-with-agent-identity-security/188944"",""accessed_at"":""2026-08-15"",""retrieval_method"":""official embedded video and platform captions"",""exact_locator"":""00:08:27-00:09:40"",""content_hash"":""sha256:a254342e28dcc6b6bd1994f5366e0ea44c02899eacb3a2861a795f567a5ced7c"",""batch_id"":""BATCH-2026-004"",""prompt_id"":""OEII-MEDIA-RESEARCH"",""prompt_version"":""2.0"",""notes"":null}]","published","2026-08-16T23:17:22Z","Murray Newlands","[{""changed_at"":""2026-08-16T23:17:22Z"",""changed_by"":""Murray Newlands"",""summary"":""Approved for the governed-identities pilot release under the exact scope, exclusions, rights treatment, and limitations recorded in issue #18."",""batch_id"":""BATCH-2026-004""}]","2025-11-20","source-sailpoint-governing-ai-agents-2025","Technical Advocate","statement-BATCH-2026-004-012","Functional characteristics of tool-using AI agents.","definition","[""topic-ai-agents"",""topic-enterprise-infrastructure""]","Not all systems marketed as agents have every listed capability.","published"
"null","null","null","vendor_presenter_governance_framework","00:18:37","[""role-ciso"",""role-cio"",""role-cto""]","speaker_labeled_platform_caption_review_checked_against_video","conceptual_not_empirical","[""geo-global""]","approved","not_reviewed","[""cross-industry enterprise""]","SailPoint Technologies","timestamp","0.99","ready_for_human_review","Shillinglaw separates inbound controls that verify who may invoke an agent from outbound controls that verify the agent and determine what resources it may access on behalf of that user.","SailPoint Technologies","person-amy-shillinglaw","[{""source_url"":""https://developer.sailpoint.com/discuss/t/governing-ai-agents-with-agent-identity-security/188944"",""accessed_at"":""2026-08-15"",""retrieval_method"":""official embedded video and platform captions"",""exact_locator"":""00:18:37-00:20:18"",""content_hash"":""sha256:a254342e28dcc6b6bd1994f5366e0ea44c02899eacb3a2861a795f567a5ced7c"",""batch_id"":""BATCH-2026-004"",""prompt_id"":""OEII-MEDIA-RESEARCH"",""prompt_version"":""2.0"",""notes"":null}]","published","2026-08-16T23:17:22Z","Murray Newlands","[{""changed_at"":""2026-08-16T23:17:22Z"",""changed_by"":""Murray Newlands"",""summary"":""Approved for the governed-identities pilot release under the exact scope, exclusions, rights treatment, and limitations recorded in issue #18."",""batch_id"":""BATCH-2026-004""}]","2025-11-20","source-sailpoint-governing-ai-agents-2025","Technical Advocate","statement-BATCH-2026-004-013","Inbound user-to-agent and outbound agent-to-resource authorization.","strategic_framework","[""topic-ai-governance"",""topic-cybersecurity"",""topic-non-human-identity""]","null","published"
"null","null","null","vendor_presenter_warning","00:21:12","[""role-ciso"",""role-cio"",""role-cto"",""role-board-director""]","speaker_labeled_platform_caption_review_checked_against_video","risk_list_not_empirically_quantified","[""geo-global""]","approved","not_reviewed","[""cross-industry enterprise""]","SailPoint Technologies","timestamp","0.98","ready_for_human_review","Shillinglaw identifies runaway subtasks, compromised credentials or code, poisoned model data, and poor explainability as distinct risks that agent infrastructure and governance must address.","SailPoint Technologies","person-amy-shillinglaw","[{""source_url"":""https://developer.sailpoint.com/discuss/t/governing-ai-agents-with-agent-identity-security/188944"",""accessed_at"":""2026-08-15"",""retrieval_method"":""official embedded video and platform captions"",""exact_locator"":""00:21:12-00:23:49"",""content_hash"":""sha256:a254342e28dcc6b6bd1994f5366e0ea44c02899eacb3a2861a795f567a5ced7c"",""batch_id"":""BATCH-2026-004"",""prompt_id"":""OEII-MEDIA-RESEARCH"",""prompt_version"":""2.0"",""notes"":null}]","published","2026-08-16T23:17:22Z","Murray Newlands","[{""changed_at"":""2026-08-16T23:17:22Z"",""changed_by"":""Murray Newlands"",""summary"":""Approved for the governed-identities pilot release under the exact scope, exclusions, rights treatment, and limitations recorded in issue #18."",""batch_id"":""BATCH-2026-004""}]","2025-11-20","source-sailpoint-governing-ai-agents-2025","Technical Advocate","statement-BATCH-2026-004-014","Technology and oversight risks in agent deployments.","warning","[""topic-ai-agents"",""topic-cybersecurity"",""topic-ai-governance""]","No prevalence, severity, or comparative evidence is provided.","published"
"null","null","null","vendor_presenter_recommendation","00:24:24","[""role-ciso"",""role-cio"",""role-cto""]","speaker_labeled_platform_caption_review_checked_against_video","normative_with_product_context","[""geo-global""]","approved","not_reviewed","[""cross-industry enterprise""]","SailPoint Technologies","timestamp","0.97","ready_for_human_review","Shillinglaw recommends beginning agent governance with an inventory, then correlating each agent's tools and assigning accountable human ownership before access reviews.","SailPoint Technologies","person-amy-shillinglaw","[{""source_url"":""https://developer.sailpoint.com/discuss/t/governing-ai-agents-with-agent-identity-security/188944"",""accessed_at"":""2026-08-15"",""retrieval_method"":""official embedded video and platform captions"",""exact_locator"":""00:24:24-00:25:43"",""content_hash"":""sha256:a254342e28dcc6b6bd1994f5366e0ea44c02899eacb3a2861a795f567a5ced7c"",""batch_id"":""BATCH-2026-004"",""prompt_id"":""OEII-MEDIA-RESEARCH"",""prompt_version"":""2.0"",""notes"":null}]","published","2026-08-16T23:17:22Z","Murray Newlands","[{""changed_at"":""2026-08-16T23:17:22Z"",""changed_by"":""Murray Newlands"",""summary"":""Approved for the governed-identities pilot release under the exact scope, exclusions, rights treatment, and limitations recorded in issue #18."",""batch_id"":""BATCH-2026-004""}]","2025-11-20","source-sailpoint-governing-ai-agents-2025","Technical Advocate","statement-BATCH-2026-004-015","Initial sequence for agent inventory, tool governance, ownership, and review.","recommendation","[""topic-ai-governance"",""topic-cybersecurity"",""topic-enterprise-infrastructure""]","The recommended sequence is presented through SailPoint's product model.","published"
"null","null","null","vendor_product_capability_claim","00:25:43","[""role-ciso"",""role-cio"",""role-cto""]","speaker_labeled_platform_caption_review_checked_against_video","demonstrated_in_vendor_recording_not_independently_verified","[""geo-global""]","approved","not_reviewed","[""cross-industry enterprise""]","SailPoint Technologies","timestamp","0.99","ready_for_human_review","Shillinglaw states that SailPoint's ownership and succession feature supports one primary human owner and up to ten additional owners for agent oversight.","SailPoint Technologies","person-amy-shillinglaw","[{""source_url"":""https://developer.sailpoint.com/discuss/t/governing-ai-agents-with-agent-identity-security/188944"",""accessed_at"":""2026-08-15"",""retrieval_method"":""official embedded video and platform captions"",""exact_locator"":""00:25:43-00:25:57"",""content_hash"":""sha256:a254342e28dcc6b6bd1994f5366e0ea44c02899eacb3a2861a795f567a5ced7c"",""batch_id"":""BATCH-2026-004"",""prompt_id"":""OEII-MEDIA-RESEARCH"",""prompt_version"":""2.0"",""notes"":""Time-sensitive vendor capability.""}]","published","2026-08-16T23:17:22Z","Murray Newlands","[{""changed_at"":""2026-08-16T23:17:22Z"",""changed_by"":""Murray Newlands"",""summary"":""Approved for the governed-identities pilot release under the exact scope, exclusions, rights treatment, and limitations recorded in issue #18."",""batch_id"":""BATCH-2026-004""}]","2025-11-20","source-sailpoint-governing-ai-agents-2025","Technical Advocate","statement-BATCH-2026-004-016","SailPoint product capability as presented on 2025-11-20.","factual_assertion","[""topic-ai-governance"",""topic-enterprise-infrastructure""]","Product limits may have changed since the recording.","published"
"null","null","null","vendor_presenter_recommendation","00:28:51","[""role-ciso"",""role-cio"",""role-cto"",""role-board-director""]","speaker_labeled_platform_caption_review_checked_against_video","normative_not_empirical","[""geo-global""]","approved","not_reviewed","[""cross-industry enterprise""]","SailPoint Technologies","timestamp","0.99","ready_for_human_review","Shillinglaw recommends assigning every AI agent a human owner and a succession chain so oversight transfers when an owner leaves.","SailPoint Technologies","person-amy-shillinglaw","[{""source_url"":""https://developer.sailpoint.com/discuss/t/governing-ai-agents-with-agent-identity-security/188944"",""accessed_at"":""2026-08-15"",""retrieval_method"":""official embedded video and platform captions"",""exact_locator"":""00:28:51-00:29:50"",""content_hash"":""sha256:a254342e28dcc6b6bd1994f5366e0ea44c02899eacb3a2861a795f567a5ced7c"",""batch_id"":""BATCH-2026-004"",""prompt_id"":""OEII-MEDIA-RESEARCH"",""prompt_version"":""2.0"",""notes"":null}]","published","2026-08-16T23:17:22Z","Murray Newlands","[{""changed_at"":""2026-08-16T23:17:22Z"",""changed_by"":""Murray Newlands"",""summary"":""Approved for the governed-identities pilot release under the exact scope, exclusions, rights treatment, and limitations recorded in issue #18."",""batch_id"":""BATCH-2026-004""}]","2025-11-20","source-sailpoint-governing-ai-agents-2025","Technical Advocate","statement-BATCH-2026-004-017","Human accountability and succession for enterprise AI agents.","recommendation","[""topic-ai-governance"",""topic-non-human-identity""]","null","published"
"null","null","null","vendor_presenter_recommendation","00:32:52","[""role-ciso"",""role-cio"",""role-cto""]","speaker_labeled_platform_caption_review_checked_against_video","normative_with_product_demonstration","[""geo-global""]","approved","not_reviewed","[""cross-industry enterprise""]","SailPoint Technologies","timestamp","0.99","ready_for_human_review","Shillinglaw recommends certifying both inbound access—the users and entitlements allowed to invoke an agent—and outbound access—the tools, machine accounts, and resources available to the agent.","SailPoint Technologies","person-amy-shillinglaw","[{""source_url"":""https://developer.sailpoint.com/discuss/t/governing-ai-agents-with-agent-identity-security/188944"",""accessed_at"":""2026-08-15"",""retrieval_method"":""official embedded video and platform captions"",""exact_locator"":""00:32:52-00:33:19"",""content_hash"":""sha256:a254342e28dcc6b6bd1994f5366e0ea44c02899eacb3a2861a795f567a5ced7c"",""batch_id"":""BATCH-2026-004"",""prompt_id"":""OEII-MEDIA-RESEARCH"",""prompt_version"":""2.0"",""notes"":null}]","published","2026-08-16T23:17:22Z","Murray Newlands","[{""changed_at"":""2026-08-16T23:17:22Z"",""changed_by"":""Murray Newlands"",""summary"":""Approved for the governed-identities pilot release under the exact scope, exclusions, rights treatment, and limitations recorded in issue #18."",""batch_id"":""BATCH-2026-004""}]","2025-11-20","source-sailpoint-governing-ai-agents-2025","Technical Advocate","statement-BATCH-2026-004-018","Dual-sided access certification for agent identities.","recommendation","[""topic-ai-governance"",""topic-cybersecurity"",""topic-non-human-identity""]","The demonstration shows one vendor implementation rather than comparative evidence.","published"
"null","null","null","secondary_summary","Official HTML publication page, Abstract, sentences 1-4, accessed 2026-08-15","[""role-ciso"",""role-cio"",""role-cto"",""role-general-counsel"",""role-board-director""]","Machine-assisted close reading of the exact verified source version; original neutral paraphrase; human review pending.","source_reported_not_independently_verified","[""United States"",""global issues discussed""]","approved","not_started","[""cross-sector""]","NIST Center for AI Standards and Innovation","html_section","0.95","machine_checked","The NIST synthesis says respondents broadly regarded agent security concerns as both novel and an obstacle to adoption.","National Institute of Standards and Technology","null","[{""source_url"":""https://www.nist.gov/publications/summary-analysis-responses-request-information-regarding-security-considerations-ai"",""accessed_at"":""2026-08-15"",""retrieval_method"":""Exact verified source version inherited from BATCH-2026-005 and statement-level close reading"",""exact_locator"":""Official HTML publication page, Abstract, sentences 1-4, accessed 2026-08-15"",""content_hash"":""32c07aeeb8f49694dd407080eab757c905dc4395871b52edd46a113208064a03"",""batch_id"":""BATCH-2026-006"",""prompt_id"":""OEII-STATEMENT-CODING"",""prompt_version"":""2.0"",""notes"":""Source eligibility inherited from source-BATCH-2026-005-001; human attribution and publication review pending.""}]","published","2026-08-16T23:17:22Z","Murray Newlands","[{""changed_at"":""2026-08-16T23:17:22Z"",""changed_by"":""Murray Newlands"",""summary"":""Approved for the governed-identities pilot release under the exact scope, exclusions, rights treatment, and limitations recorded in issue #18."",""batch_id"":""BATCH-2026-006""}]","2026-05-18","source-BATCH-2026-005-001","authors of the NIST RFI response synthesis","statement-BATCH-2026-006-001","Self-selected respondents to the CAISI request for information.","empirical_finding","[""topic-ai-agents"",""topic-ai-governance"",""topic-cybersecurity"",""topic-non-human-identity""]","The accessible page gives neither a respondent count nor the threshold used for broad agreement.","published"
"null","null","null","author_interpretation","Official HTML publication page, Abstract, sentence 5, accessed 2026-08-15","[""role-ciso"",""role-cio"",""role-cto"",""role-general-counsel"",""role-board-director""]","Machine-assisted close reading of the exact verified source version; original neutral paraphrase; human review pending.","attribution_verified","[""United States"",""global issues discussed""]","approved","not_started","[""cross-sector""]","NIST Center for AI Standards and Innovation","html_section","0.95","machine_checked","The authors conclude that established cybersecurity practice remains useful for agents but needs modification for agent-specific risks.","National Institute of Standards and Technology","null","[{""source_url"":""https://www.nist.gov/publications/summary-analysis-responses-request-information-regarding-security-considerations-ai"",""accessed_at"":""2026-08-15"",""retrieval_method"":""Exact verified source version inherited from BATCH-2026-005 and statement-level close reading"",""exact_locator"":""Official HTML publication page, Abstract, sentence 5, accessed 2026-08-15"",""content_hash"":""32c07aeeb8f49694dd407080eab757c905dc4395871b52edd46a113208064a03"",""batch_id"":""BATCH-2026-006"",""prompt_id"":""OEII-STATEMENT-CODING"",""prompt_version"":""2.0"",""notes"":""Source eligibility inherited from source-BATCH-2026-005-001; human attribution and publication review pending.""}]","published","2026-08-16T23:17:22Z","Murray Newlands","[{""changed_at"":""2026-08-16T23:17:22Z"",""changed_by"":""Murray Newlands"",""summary"":""Approved for the governed-identities pilot release under the exact scope, exclusions, rights treatment, and limitations recorded in issue #18."",""batch_id"":""BATCH-2026-006""}]","2026-05-18","source-BATCH-2026-005-001","authors of the NIST RFI response synthesis","statement-BATCH-2026-006-002","The NIST authors' synthesis of the RFI response corpus.","interpretation","[""topic-ai-agents"",""topic-ai-governance"",""topic-cybersecurity"",""topic-non-human-identity""]","The public page does not disclose the underlying coding method or quantify support.","published"
"null","null","null","secondary_summary","Official HTML publication page, Abstract, final sentence, accessed 2026-08-15","[""role-ciso"",""role-cio"",""role-cto"",""role-general-counsel"",""role-board-director""]","Machine-assisted close reading of the exact verified source version; original neutral paraphrase; human review pending.","attribution_verified","[""United States"",""global issues discussed""]","approved","not_started","[""cross-sector""]","NIST Center for AI Standards and Innovation","html_section","0.95","machine_checked","The synthesis presents government guidance, information exchange, and standards promotion as possible public-sector responses.","National Institute of Standards and Technology","null","[{""source_url"":""https://www.nist.gov/publications/summary-analysis-responses-request-information-regarding-security-considerations-ai"",""accessed_at"":""2026-08-15"",""retrieval_method"":""Exact verified source version inherited from BATCH-2026-005 and statement-level close reading"",""exact_locator"":""Official HTML publication page, Abstract, final sentence, accessed 2026-08-15"",""content_hash"":""32c07aeeb8f49694dd407080eab757c905dc4395871b52edd46a113208064a03"",""batch_id"":""BATCH-2026-006"",""prompt_id"":""OEII-STATEMENT-CODING"",""prompt_version"":""2.0"",""notes"":""Source eligibility inherited from source-BATCH-2026-005-001; human attribution and publication review pending.""}]","published","2026-08-16T23:17:22Z","Murray Newlands","[{""changed_at"":""2026-08-16T23:17:22Z"",""changed_by"":""Murray Newlands"",""summary"":""Approved for the governed-identities pilot release under the exact scope, exclusions, rights treatment, and limitations recorded in issue #18."",""batch_id"":""BATCH-2026-006""}]","2026-05-18","source-BATCH-2026-005-001","authors of the NIST RFI response synthesis","statement-BATCH-2026-006-003","Options identified in the RFI response corpus and summarized by NIST.","policy_position","[""topic-ai-agents"",""topic-ai-governance"",""topic-cybersecurity"",""topic-non-human-identity""]","The accessible page does not report how many respondents supported each option.","published"
"null","null","null","normative_recommendation","PDF file p. 5 (document p. 1), Section 1 ""Introduction"", July 2024 version","[""role-ciso"",""role-cio"",""role-cto"",""role-general-counsel"",""role-board-director""]","Machine-assisted close reading of the exact verified source version; original neutral paraphrase; human review pending.","not_applicable","[""United States"",""cross-sectoral global applicability""]","approved","not_started","[""cross-sector""]","National Institute of Standards and Technology","pdf_page","0.94","machine_checked","NIST frames this publication as a voluntary, cross-sector companion to the AI Risk Management Framework for generative-AI risk decisions.","National Institute of Standards and Technology","null","[{""source_url"":""https://nvlpubs.nist.gov/nistpubs/ai/NIST.AI.600-1.pdf"",""accessed_at"":""2026-08-15"",""retrieval_method"":""Exact verified source version inherited from BATCH-2026-005 and statement-level close reading"",""exact_locator"":""PDF file p. 5 (document p. 1), Section 1 \""Introduction\"", July 2024 version"",""content_hash"":""6e73620ab6b64e90ef2c04bf0e0d6246185a2f4b1b13cab0df494496cff89b6a"",""batch_id"":""BATCH-2026-006"",""prompt_id"":""OEII-STATEMENT-CODING"",""prompt_version"":""2.0"",""notes"":""Source eligibility inherited from source-BATCH-2026-005-002; human attribution and publication review pending.""}]","published","2026-08-16T23:17:22Z","Murray Newlands","[{""changed_at"":""2026-08-16T23:17:22Z"",""changed_by"":""Murray Newlands"",""summary"":""Approved for the governed-identities pilot release under the exact scope, exclusions, rights treatment, and limitations recorded in issue #18."",""batch_id"":""BATCH-2026-006""}]","null","source-BATCH-2026-005-002","institutional author of the NIST AI RMF profile","statement-BATCH-2026-006-004","Organizations designing, developing, deploying, or using generative AI across sectors.","definition","[""topic-ai-agents"",""topic-ai-governance"",""topic-cybersecurity"",""topic-non-human-identity""]","This is a profile description, not evidence that use of the profile improves outcomes.","published"
"null","null","null","normative_recommendation","PDF file p. 18 (document p. 14), GOVERN 1.2, Action GV-1.2-001, July 2024 version","[""role-ciso"",""role-cio"",""role-cto"",""role-general-counsel"",""role-board-director""]","Machine-assisted close reading of the exact verified source version; original neutral paraphrase; human review pending.","not_applicable","[""United States"",""cross-sectoral global applicability""]","approved","not_started","[""cross-sector""]","National Institute of Standards and Technology","pdf_page","0.94","machine_checked","Organizations should document where training and generated data came from and how those data evolved, while accounting for proprietary constraints.","National Institute of Standards and Technology","null","[{""source_url"":""https://nvlpubs.nist.gov/nistpubs/ai/NIST.AI.600-1.pdf"",""accessed_at"":""2026-08-15"",""retrieval_method"":""Exact verified source version inherited from BATCH-2026-005 and statement-level close reading"",""exact_locator"":""PDF file p. 18 (document p. 14), GOVERN 1.2, Action GV-1.2-001, July 2024 version"",""content_hash"":""6e73620ab6b64e90ef2c04bf0e0d6246185a2f4b1b13cab0df494496cff89b6a"",""batch_id"":""BATCH-2026-006"",""prompt_id"":""OEII-STATEMENT-CODING"",""prompt_version"":""2.0"",""notes"":""Source eligibility inherited from source-BATCH-2026-005-002; human attribution and publication review pending.""}]","published","2026-08-16T23:17:22Z","Murray Newlands","[{""changed_at"":""2026-08-16T23:17:22Z"",""changed_by"":""Murray Newlands"",""summary"":""Approved for the governed-identities pilot release under the exact scope, exclusions, rights treatment, and limitations recorded in issue #18."",""batch_id"":""BATCH-2026-006""}]","null","source-BATCH-2026-005-002","institutional author of the NIST AI RMF profile","statement-BATCH-2026-006-005","Voluntary cross-sector generative-AI risk management.","recommendation","[""topic-ai-agents"",""topic-ai-governance"",""topic-cybersecurity"",""topic-non-human-identity""]","NIST does not evaluate the effectiveness of this action in the profile.","published"
"null","null","null","normative_recommendation","PDF file p. 18 (document p. 14), GOVERN 1.2, Action GV-1.2-002, July 2024 version","[""role-ciso"",""role-cio"",""role-cto"",""role-general-counsel"",""role-board-director""]","Machine-assisted close reading of the exact verified source version; original neutral paraphrase; human review pending.","not_applicable","[""United States"",""cross-sectoral global applicability""]","approved","not_started","[""cross-sector""]","National Institute of Standards and Technology","pdf_page","0.94","machine_checked","Organizations should assess risk-relevant generative-AI capabilities and the robustness of safeguards before deployment and repeatedly afterward.","National Institute of Standards and Technology","null","[{""source_url"":""https://nvlpubs.nist.gov/nistpubs/ai/NIST.AI.600-1.pdf"",""accessed_at"":""2026-08-15"",""retrieval_method"":""Exact verified source version inherited from BATCH-2026-005 and statement-level close reading"",""exact_locator"":""PDF file p. 18 (document p. 14), GOVERN 1.2, Action GV-1.2-002, July 2024 version"",""content_hash"":""6e73620ab6b64e90ef2c04bf0e0d6246185a2f4b1b13cab0df494496cff89b6a"",""batch_id"":""BATCH-2026-006"",""prompt_id"":""OEII-STATEMENT-CODING"",""prompt_version"":""2.0"",""notes"":""Source eligibility inherited from source-BATCH-2026-005-002; human attribution and publication review pending.""}]","published","2026-08-16T23:17:22Z","Murray Newlands","[{""changed_at"":""2026-08-16T23:17:22Z"",""changed_by"":""Murray Newlands"",""summary"":""Approved for the governed-identities pilot release under the exact scope, exclusions, rights treatment, and limitations recorded in issue #18."",""batch_id"":""BATCH-2026-006""}]","null","source-BATCH-2026-005-002","institutional author of the NIST AI RMF profile","statement-BATCH-2026-006-006","Internal and external evaluation of generative-AI systems.","recommendation","[""topic-ai-agents"",""topic-ai-governance"",""topic-cybersecurity"",""topic-non-human-identity""]","The profile supplies guidance rather than comparative outcome evidence.","published"
"null","null","null","author_interpretation","PDF file p. 53 (document p. 49), Appendix A.1.4 ""Limitations of Current Pre-deployment Test Approaches"", July 2024 version","[""role-ciso"",""role-cio"",""role-cto"",""role-general-counsel"",""role-board-director""]","Machine-assisted close reading of the exact verified source version; original neutral paraphrase; human review pending.","attribution_verified","[""United States"",""cross-sectoral global applicability""]","approved","not_started","[""cross-sector""]","National Institute of Standards and Technology","pdf_page","0.94","machine_checked","NIST cautions that laboratory tests and benchmark datasets may not transfer to heterogeneous real deployment conditions or measure broader impacts.","National Institute of Standards and Technology","null","[{""source_url"":""https://nvlpubs.nist.gov/nistpubs/ai/NIST.AI.600-1.pdf"",""accessed_at"":""2026-08-15"",""retrieval_method"":""Exact verified source version inherited from BATCH-2026-005 and statement-level close reading"",""exact_locator"":""PDF file p. 53 (document p. 49), Appendix A.1.4 \""Limitations of Current Pre-deployment Test Approaches\"", July 2024 version"",""content_hash"":""6e73620ab6b64e90ef2c04bf0e0d6246185a2f4b1b13cab0df494496cff89b6a"",""batch_id"":""BATCH-2026-006"",""prompt_id"":""OEII-STATEMENT-CODING"",""prompt_version"":""2.0"",""notes"":""Source eligibility inherited from source-BATCH-2026-005-002; human attribution and publication review pending.""}]","published","2026-08-16T23:17:22Z","Murray Newlands","[{""changed_at"":""2026-08-16T23:17:22Z"",""changed_by"":""Murray Newlands"",""summary"":""Approved for the governed-identities pilot release under the exact scope, exclusions, rights treatment, and limitations recorded in issue #18."",""batch_id"":""BATCH-2026-006""}]","null","source-BATCH-2026-005-002","institutional author of the NIST AI RMF profile","statement-BATCH-2026-006-007","Pre-deployment testing and evaluation of generative-AI systems.","methodological_claim","[""topic-ai-agents"",""topic-ai-governance"",""topic-cybersecurity"",""topic-non-human-identity""]","The document does not quantify the size of any generalization gap.","published"
"null","null","null","normative_recommendation","PDF file p. 53 (document p. 49), Appendix A.1.5 ""Structured Public Feedback"", July 2024 version","[""role-ciso"",""role-cio"",""role-cto"",""role-general-counsel"",""role-board-director""]","Machine-assisted close reading of the exact verified source version; original neutral paraphrase; human review pending.","not_applicable","[""United States"",""cross-sectoral global applicability""]","approved","not_started","[""cross-sector""]","National Institute of Standards and Technology","pdf_page","0.94","machine_checked","Organizations can use structured public feedback to test whether a system behaves as intended and to inform lifecycle decisions.","National Institute of Standards and Technology","null","[{""source_url"":""https://nvlpubs.nist.gov/nistpubs/ai/NIST.AI.600-1.pdf"",""accessed_at"":""2026-08-15"",""retrieval_method"":""Exact verified source version inherited from BATCH-2026-005 and statement-level close reading"",""exact_locator"":""PDF file p. 53 (document p. 49), Appendix A.1.5 \""Structured Public Feedback\"", July 2024 version"",""content_hash"":""6e73620ab6b64e90ef2c04bf0e0d6246185a2f4b1b13cab0df494496cff89b6a"",""batch_id"":""BATCH-2026-006"",""prompt_id"":""OEII-STATEMENT-CODING"",""prompt_version"":""2.0"",""notes"":""Source eligibility inherited from source-BATCH-2026-005-002; human attribution and publication review pending.""}]","published","2026-08-16T23:17:22Z","Murray Newlands","[{""changed_at"":""2026-08-16T23:17:22Z"",""changed_by"":""Murray Newlands"",""summary"":""Approved for the governed-identities pilot release under the exact scope, exclusions, rights treatment, and limitations recorded in issue #18."",""batch_id"":""BATCH-2026-006""}]","null","source-BATCH-2026-005-002","institutional author of the NIST AI RMF profile","statement-BATCH-2026-006-008","Participatory engagement, field testing, and red-teaming for generative-AI systems.","recommendation","[""topic-ai-agents"",""topic-ai-governance"",""topic-cybersecurity"",""topic-non-human-identity""]","The profile describes possible uses and does not estimate effectiveness.","published"
"null","null","null","normative_recommendation","Revision 02 HTML, Section 3 ""Agents are workloads"", paragraphs 1-3","[""role-ciso"",""role-cio"",""role-cto"",""role-general-counsel"",""role-board-director""]","Machine-assisted close reading of the exact verified source version; original neutral paraphrase; human review pending.","not_applicable","[""global standards context""]","approved","not_started","[""cross-sector""]","Kasselman et al. (joint Internet-Draft authors)","html_section","0.95","machine_checked","Revision 02 treats an AI agent as a workload that must authenticate to the tools, services, models, and other systems with which it interacts.","Internet Engineering Task Force","null","[{""source_url"":""https://www.ietf.org/archive/id/draft-klrc-aiagent-auth-02.html"",""accessed_at"":""2026-08-15"",""retrieval_method"":""Exact verified source version inherited from BATCH-2026-005 and statement-level close reading"",""exact_locator"":""Revision 02 HTML, Section 3 \""Agents are workloads\"", paragraphs 1-3"",""content_hash"":""e34f335c56546a6d91d88d43159c9f80d4dcfbbad020d41c31607fc56848befa"",""batch_id"":""BATCH-2026-006"",""prompt_id"":""OEII-STATEMENT-CODING"",""prompt_version"":""2.0"",""notes"":""Source eligibility inherited from source-BATCH-2026-005-003; human attribution and publication review pending.""}]","published","2026-08-16T23:17:22Z","Murray Newlands","[{""changed_at"":""2026-08-16T23:17:22Z"",""changed_by"":""Murray Newlands"",""summary"":""Approved for the governed-identities pilot release under the exact scope, exclusions, rights treatment, and limitations recorded in issue #18."",""batch_id"":""BATCH-2026-006""}]","2026-06-01","source-BATCH-2026-005-003","joint authors of revision 02","statement-BATCH-2026-006-009","The conceptual model in an expiring Internet-Draft.","definition","[""topic-ai-agents"",""topic-ai-governance"",""topic-cybersecurity"",""topic-non-human-identity""]","The draft is a work in progress and may change before any RFC publication.","published"
"null","null","null","normative_recommendation","Revision 02 HTML, Section 5 ""Agent Identifier"", normative paragraph","[""role-ciso"",""role-cio"",""role-cto"",""role-general-counsel"",""role-board-director""]","Machine-assisted close reading of the exact verified source version; original neutral paraphrase; human review pending.","not_applicable","[""global standards context""]","approved","not_started","[""cross-sector""]","Kasselman et al. (joint Internet-Draft authors)","html_section","0.95","machine_checked","The draft requires each participating agent to receive one WIMSE identifier.","Internet Engineering Task Force","null","[{""source_url"":""https://www.ietf.org/archive/id/draft-klrc-aiagent-auth-02.html"",""accessed_at"":""2026-08-15"",""retrieval_method"":""Exact verified source version inherited from BATCH-2026-005 and statement-level close reading"",""exact_locator"":""Revision 02 HTML, Section 5 \""Agent Identifier\"", normative paragraph"",""content_hash"":""e34f335c56546a6d91d88d43159c9f80d4dcfbbad020d41c31607fc56848befa"",""batch_id"":""BATCH-2026-006"",""prompt_id"":""OEII-STATEMENT-CODING"",""prompt_version"":""2.0"",""notes"":""Source eligibility inherited from source-BATCH-2026-005-003; human attribution and publication review pending.""}]","published","2026-08-16T23:17:22Z","Murray Newlands","[{""changed_at"":""2026-08-16T23:17:22Z"",""changed_by"":""Murray Newlands"",""summary"":""Approved for the governed-identities pilot release under the exact scope, exclusions, rights treatment, and limitations recorded in issue #18."",""batch_id"":""BATCH-2026-006""}]","2026-06-01","source-BATCH-2026-005-003","joint authors of revision 02","statement-BATCH-2026-006-010","Agents participating in the proposed authentication and authorization framework.","recommendation","[""topic-ai-agents"",""topic-ai-governance"",""topic-cybersecurity"",""topic-non-human-identity""]","Revision 02 is not an RFC and has no reported interoperability testing.","published"
"null","null","null","normative_recommendation","Revision 02 HTML, Section 6 ""Agent Credentials"", paragraphs 1-3","[""role-ciso"",""role-cio"",""role-cto"",""role-general-counsel"",""role-board-director""]","Machine-assisted close reading of the exact verified source version; original neutral paraphrase; human review pending.","not_applicable","[""global standards context""]","approved","not_started","[""cross-sector""]","Kasselman et al. (joint Internet-Draft authors)","html_section","0.95","machine_checked","Agent credentials should expire quickly, must state an expiration time, and must be cryptographically tied to the agent identifier.","Internet Engineering Task Force","null","[{""source_url"":""https://www.ietf.org/archive/id/draft-klrc-aiagent-auth-02.html"",""accessed_at"":""2026-08-15"",""retrieval_method"":""Exact verified source version inherited from BATCH-2026-005 and statement-level close reading"",""exact_locator"":""Revision 02 HTML, Section 6 \""Agent Credentials\"", paragraphs 1-3"",""content_hash"":""e34f335c56546a6d91d88d43159c9f80d4dcfbbad020d41c31607fc56848befa"",""batch_id"":""BATCH-2026-006"",""prompt_id"":""OEII-STATEMENT-CODING"",""prompt_version"":""2.0"",""notes"":""Source eligibility inherited from source-BATCH-2026-005-003; human attribution and publication review pending.""}]","published","2026-08-16T23:17:22Z","Murray Newlands","[{""changed_at"":""2026-08-16T23:17:22Z"",""changed_by"":""Murray Newlands"",""summary"":""Approved for the governed-identities pilot release under the exact scope, exclusions, rights treatment, and limitations recorded in issue #18."",""batch_id"":""BATCH-2026-006""}]","2026-06-01","source-BATCH-2026-005-003","joint authors of revision 02","statement-BATCH-2026-006-011","Primary runtime credentials in the proposed framework.","recommendation","[""topic-ai-agents"",""topic-ai-governance"",""topic-cybersecurity"",""topic-non-human-identity""]","The normative language belongs to an expiring draft, not an adopted standard.","published"
"null","null","null","normative_recommendation","Revision 02 HTML, Section 4 ""Agent Identity Management System"", Figure 2 and component definitions","[""role-ciso"",""role-cio"",""role-cto"",""role-general-counsel"",""role-board-director""]","Machine-assisted close reading of the exact verified source version; original neutral paraphrase; human review pending.","not_applicable","[""global standards context""]","approved","not_started","[""cross-sector""]","Kasselman et al. (joint Internet-Draft authors)","html_section","0.95","machine_checked","The proposed Agent Identity Management System separates identity, credential provisioning, authentication, authorization, policy, lifecycle events, and observability into a common control model.","Internet Engineering Task Force","null","[{""source_url"":""https://www.ietf.org/archive/id/draft-klrc-aiagent-auth-02.html"",""accessed_at"":""2026-08-15"",""retrieval_method"":""Exact verified source version inherited from BATCH-2026-005 and statement-level close reading"",""exact_locator"":""Revision 02 HTML, Section 4 \""Agent Identity Management System\"", Figure 2 and component definitions"",""content_hash"":""e34f335c56546a6d91d88d43159c9f80d4dcfbbad020d41c31607fc56848befa"",""batch_id"":""BATCH-2026-006"",""prompt_id"":""OEII-STATEMENT-CODING"",""prompt_version"":""2.0"",""notes"":""Source eligibility inherited from source-BATCH-2026-005-003; human attribution and publication review pending.""}]","published","2026-08-16T23:17:22Z","Murray Newlands","[{""changed_at"":""2026-08-16T23:17:22Z"",""changed_by"":""Murray Newlands"",""summary"":""Approved for the governed-identities pilot release under the exact scope, exclusions, rights treatment, and limitations recorded in issue #18."",""batch_id"":""BATCH-2026-006""}]","2026-06-01","source-BATCH-2026-005-003","joint authors of revision 02","statement-BATCH-2026-006-012","Logical architecture proposed for agent authentication and authorization.","strategic_framework","[""topic-ai-agents"",""topic-ai-governance"",""topic-cybersecurity"",""topic-non-human-identity""]","No deployment or interoperability results are reported.","published"
"null","null","null","normative_recommendation","Revision 02 HTML, Section 3 ""Agents are workloads"", paragraph after Figure 1","[""role-ciso"",""role-cio"",""role-cto"",""role-general-counsel"",""role-board-director""]","Machine-assisted close reading of the exact verified source version; original neutral paraphrase; human review pending.","not_applicable","[""global standards context""]","approved","not_started","[""cross-sector""]","Kasselman et al. (joint Internet-Draft authors)","html_section","0.95","machine_checked","Authorization and audit records should retain the human or system delegation context when an agent acts for another principal.","Internet Engineering Task Force","null","[{""source_url"":""https://www.ietf.org/archive/id/draft-klrc-aiagent-auth-02.html"",""accessed_at"":""2026-08-15"",""retrieval_method"":""Exact verified source version inherited from BATCH-2026-005 and statement-level close reading"",""exact_locator"":""Revision 02 HTML, Section 3 \""Agents are workloads\"", paragraph after Figure 1"",""content_hash"":""e34f335c56546a6d91d88d43159c9f80d4dcfbbad020d41c31607fc56848befa"",""batch_id"":""BATCH-2026-006"",""prompt_id"":""OEII-STATEMENT-CODING"",""prompt_version"":""2.0"",""notes"":""Source eligibility inherited from source-BATCH-2026-005-003; human attribution and publication review pending.""}]","published","2026-08-16T23:17:22Z","Murray Newlands","[{""changed_at"":""2026-08-16T23:17:22Z"",""changed_by"":""Murray Newlands"",""summary"":""Approved for the governed-identities pilot release under the exact scope, exclusions, rights treatment, and limitations recorded in issue #18."",""batch_id"":""BATCH-2026-006""}]","2026-06-01","source-BATCH-2026-005-003","joint authors of revision 02","statement-BATCH-2026-006-013","Agents acting on behalf of users or systems.","recommendation","[""topic-ai-agents"",""topic-ai-governance"",""topic-cybersecurity"",""topic-non-human-identity""]","This is proposed behavior in revision 02.","published"
"null","null","null","author_interpretation","Revision 02 HTML, Section 13 ""Security Considerations"", opening paragraph","[""role-ciso"",""role-cio"",""role-cto"",""role-general-counsel"",""role-board-director""]","Machine-assisted close reading of the exact verified source version; original neutral paraphrase; human review pending.","attribution_verified","[""global standards context""]","approved","not_started","[""cross-sector""]","Kasselman et al. (joint Internet-Draft authors)","html_section","0.95","machine_checked","The draft assembles existing identity and authorization specifications into an agent framework instead of claiming a wholly new protocol family.","Internet Engineering Task Force","null","[{""source_url"":""https://www.ietf.org/archive/id/draft-klrc-aiagent-auth-02.html"",""accessed_at"":""2026-08-15"",""retrieval_method"":""Exact verified source version inherited from BATCH-2026-005 and statement-level close reading"",""exact_locator"":""Revision 02 HTML, Section 13 \""Security Considerations\"", opening paragraph"",""content_hash"":""e34f335c56546a6d91d88d43159c9f80d4dcfbbad020d41c31607fc56848befa"",""batch_id"":""BATCH-2026-006"",""prompt_id"":""OEII-STATEMENT-CODING"",""prompt_version"":""2.0"",""notes"":""Source eligibility inherited from source-BATCH-2026-005-003; human attribution and publication review pending.""}]","published","2026-08-16T23:17:22Z","Murray Newlands","[{""changed_at"":""2026-08-16T23:17:22Z"",""changed_by"":""Murray Newlands"",""summary"":""Approved for the governed-identities pilot release under the exact scope, exclusions, rights treatment, and limitations recorded in issue #18."",""batch_id"":""BATCH-2026-006""}]","2026-06-01","source-BATCH-2026-005-003","joint authors of revision 02","statement-BATCH-2026-006-014","The specification strategy of draft-klrc-aiagent-auth-02.","interpretation","[""topic-ai-agents"",""topic-ai-governance"",""topic-cybersecurity"",""topic-non-human-identity""]","The combined framework remains untested in the source.","published"
"null","null","null","author_interpretation","PDF file p. 3 (document p. 2), Executive Summary, ""User impersonation by agents"", October 2025 version","[""role-ciso"",""role-cio"",""role-cto"",""role-general-counsel"",""role-board-director""]","Machine-assisted close reading of the exact verified source version; original neutral paraphrase; human review pending.","attribution_verified","[""global technology standards context""]","approved","not_started","[""cross-sector""]","South et al. (joint report authors)","pdf_page","0.94","machine_checked","The report warns that agents which appear identical to users leave investigators unable to separate delegated action from direct user action.","OpenID Foundation","null","[{""source_url"":""https://openid.net/wp-content/uploads/2025/10/Identity-Management-for-Agentic-AI.pdf"",""accessed_at"":""2026-08-15"",""retrieval_method"":""Exact verified source version inherited from BATCH-2026-005 and statement-level close reading"",""exact_locator"":""PDF file p. 3 (document p. 2), Executive Summary, \""User impersonation by agents\"", October 2025 version"",""content_hash"":""e6a0e5909fcb2486568180f69d511ae2af8d20a1bfb3028b39b3d1072846f4f3"",""batch_id"":""BATCH-2026-006"",""prompt_id"":""OEII-STATEMENT-CODING"",""prompt_version"":""2.0"",""notes"":""Source eligibility inherited from source-BATCH-2026-005-004; human attribution and publication review pending.""}]","published","2026-08-16T23:17:22Z","Murray Newlands","[{""changed_at"":""2026-08-16T23:17:22Z"",""changed_by"":""Murray Newlands"",""summary"":""Approved for the governed-identities pilot release under the exact scope, exclusions, rights treatment, and limitations recorded in issue #18."",""batch_id"":""BATCH-2026-006""}]","null","source-BATCH-2026-005-004","joint authors of the OpenID Foundation report","statement-BATCH-2026-006-015","Identity and accountability in agent access to external services.","warning","[""topic-ai-agents"",""topic-ai-governance"",""topic-cybersecurity"",""topic-non-human-identity""]","Conceptual risk analysis; no incidence rate is reported.","published"
"null","null","null","normative_recommendation","PDF file p. 19 (document p. 18), Section 3.2 ""From Impersonation to Delegation (On-Behalf-Of)"", October 2025 version","[""role-ciso"",""role-cio"",""role-cto"",""role-general-counsel"",""role-board-director""]","Machine-assisted close reading of the exact verified source version; original neutral paraphrase; human review pending.","not_applicable","[""global technology standards context""]","approved","not_started","[""cross-sector""]","South et al. (joint report authors)","pdf_page","0.94","machine_checked","An on-behalf-of authorization flow should carry distinct identities for the delegating user and acting agent.","OpenID Foundation","null","[{""source_url"":""https://openid.net/wp-content/uploads/2025/10/Identity-Management-for-Agentic-AI.pdf"",""accessed_at"":""2026-08-15"",""retrieval_method"":""Exact verified source version inherited from BATCH-2026-005 and statement-level close reading"",""exact_locator"":""PDF file p. 19 (document p. 18), Section 3.2 \""From Impersonation to Delegation (On-Behalf-Of)\"", October 2025 version"",""content_hash"":""e6a0e5909fcb2486568180f69d511ae2af8d20a1bfb3028b39b3d1072846f4f3"",""batch_id"":""BATCH-2026-006"",""prompt_id"":""OEII-STATEMENT-CODING"",""prompt_version"":""2.0"",""notes"":""Source eligibility inherited from source-BATCH-2026-005-004; human attribution and publication review pending.""}]","published","2026-08-16T23:17:22Z","Murray Newlands","[{""changed_at"":""2026-08-16T23:17:22Z"",""changed_by"":""Murray Newlands"",""summary"":""Approved for the governed-identities pilot release under the exact scope, exclusions, rights treatment, and limitations recorded in issue #18."",""batch_id"":""BATCH-2026-006""}]","null","source-BATCH-2026-005-004","joint authors of the OpenID Foundation report","statement-BATCH-2026-006-016","Delegated authorization for agent access.","recommendation","[""topic-ai-agents"",""topic-ai-governance"",""topic-cybersecurity"",""topic-non-human-identity""]","The report does not compare implementation outcomes.","published"
"null","null","null","normative_recommendation","PDF file p. 17 (document p. 16), ""Best Practices"", October 2025 version","[""role-ciso"",""role-cio"",""role-cto"",""role-general-counsel"",""role-board-director""]","Machine-assisted close reading of the exact verified source version; original neutral paraphrase; human review pending.","not_applicable","[""global technology standards context""]","approved","not_started","[""cross-sector""]","South et al. (joint report authors)","pdf_page","0.94","machine_checked","The report organizes agent identity practice around open protocols, authenticated interactions, least privilege, automated lifecycle controls, audit trails, and interoperability.","OpenID Foundation","null","[{""source_url"":""https://openid.net/wp-content/uploads/2025/10/Identity-Management-for-Agentic-AI.pdf"",""accessed_at"":""2026-08-15"",""retrieval_method"":""Exact verified source version inherited from BATCH-2026-005 and statement-level close reading"",""exact_locator"":""PDF file p. 17 (document p. 16), \""Best Practices\"", October 2025 version"",""content_hash"":""e6a0e5909fcb2486568180f69d511ae2af8d20a1bfb3028b39b3d1072846f4f3"",""batch_id"":""BATCH-2026-006"",""prompt_id"":""OEII-STATEMENT-CODING"",""prompt_version"":""2.0"",""notes"":""Source eligibility inherited from source-BATCH-2026-005-004; human attribution and publication review pending.""}]","published","2026-08-16T23:17:22Z","Murray Newlands","[{""changed_at"":""2026-08-16T23:17:22Z"",""changed_by"":""Murray Newlands"",""summary"":""Approved for the governed-identities pilot release under the exact scope, exclusions, rights treatment, and limitations recorded in issue #18."",""batch_id"":""BATCH-2026-006""}]","null","source-BATCH-2026-005-004","joint authors of the OpenID Foundation report","statement-BATCH-2026-006-017","Enterprise identity programs for AI agents.","strategic_framework","[""topic-ai-agents"",""topic-ai-governance"",""topic-cybersecurity"",""topic-non-human-identity""]","The list is normative and its components are not ranked by measured effectiveness.","published"
"null","null","null","normative_recommendation","PDF file p. 15 (document p. 14), end of Section 2.11, October 2025 version","[""role-ciso"",""role-cio"",""role-cto"",""role-general-counsel"",""role-board-director""]","Machine-assisted close reading of the exact verified source version; original neutral paraphrase; human review pending.","not_applicable","[""global technology standards context""]","approved","not_started","[""cross-sector""]","South et al. (joint report authors)","pdf_page","0.94","machine_checked","Audit records should identify both the authorizing human principal and the particular agent instance that executed an action.","OpenID Foundation","null","[{""source_url"":""https://openid.net/wp-content/uploads/2025/10/Identity-Management-for-Agentic-AI.pdf"",""accessed_at"":""2026-08-15"",""retrieval_method"":""Exact verified source version inherited from BATCH-2026-005 and statement-level close reading"",""exact_locator"":""PDF file p. 15 (document p. 14), end of Section 2.11, October 2025 version"",""content_hash"":""e6a0e5909fcb2486568180f69d511ae2af8d20a1bfb3028b39b3d1072846f4f3"",""batch_id"":""BATCH-2026-006"",""prompt_id"":""OEII-STATEMENT-CODING"",""prompt_version"":""2.0"",""notes"":""Source eligibility inherited from source-BATCH-2026-005-004; human attribution and publication review pending.""}]","published","2026-08-16T23:17:22Z","Murray Newlands","[{""changed_at"":""2026-08-16T23:17:22Z"",""changed_by"":""Murray Newlands"",""summary"":""Approved for the governed-identities pilot release under the exact scope, exclusions, rights treatment, and limitations recorded in issue #18."",""batch_id"":""BATCH-2026-006""}]","null","source-BATCH-2026-005-004","joint authors of the OpenID Foundation report","statement-BATCH-2026-006-018","Delegated actions in systems using a policy enforcement point.","recommendation","[""topic-ai-agents"",""topic-ai-governance"",""topic-cybersecurity"",""topic-non-human-identity""]","Implementation performance is not evaluated.","published"
"null","null","null","normative_recommendation","PDF file p. 17 (document p. 16), ""Best Practices"", bullet ""Automate agent lifecycle management"", October 2025 version","[""role-ciso"",""role-cio"",""role-cto"",""role-general-counsel"",""role-board-director""]","Machine-assisted close reading of the exact verified source version; original neutral paraphrase; human review pending.","not_applicable","[""global technology standards context""]","approved","not_started","[""cross-sector""]","South et al. (joint report authors)","pdf_page","0.94","machine_checked","Agent identities need formal creation, permission changes, ownership transfer, de-provisioning, and off-boarding across systems.","OpenID Foundation","null","[{""source_url"":""https://openid.net/wp-content/uploads/2025/10/Identity-Management-for-Agentic-AI.pdf"",""accessed_at"":""2026-08-15"",""retrieval_method"":""Exact verified source version inherited from BATCH-2026-005 and statement-level close reading"",""exact_locator"":""PDF file p. 17 (document p. 16), \""Best Practices\"", bullet \""Automate agent lifecycle management\"", October 2025 version"",""content_hash"":""e6a0e5909fcb2486568180f69d511ae2af8d20a1bfb3028b39b3d1072846f4f3"",""batch_id"":""BATCH-2026-006"",""prompt_id"":""OEII-STATEMENT-CODING"",""prompt_version"":""2.0"",""notes"":""Source eligibility inherited from source-BATCH-2026-005-004; human attribution and publication review pending.""}]","published","2026-08-16T23:17:22Z","Murray Newlands","[{""changed_at"":""2026-08-16T23:17:22Z"",""changed_by"":""Murray Newlands"",""summary"":""Approved for the governed-identities pilot release under the exact scope, exclusions, rights treatment, and limitations recorded in issue #18."",""batch_id"":""BATCH-2026-006""}]","null","source-BATCH-2026-005-004","joint authors of the OpenID Foundation report","statement-BATCH-2026-006-019","Enterprise lifecycle management for non-human agent identities.","recommendation","[""topic-ai-agents"",""topic-ai-governance"",""topic-cybersecurity"",""topic-non-human-identity""]","The report proposes extending established lifecycle patterns; it does not test a SCIM implementation.","published"
"null","null","null","normative_recommendation","PDF file p. 27 (document p. 26), Section 4.4 ""Recursive Delegation in Dynamic Agent Networks"", October 2025 version","[""role-ciso"",""role-cio"",""role-cto"",""role-general-counsel"",""role-board-director""]","Machine-assisted close reading of the exact verified source version; original neutral paraphrase; human review pending.","not_applicable","[""global technology standards context""]","approved","not_started","[""cross-sector""]","South et al. (joint report authors)","pdf_page","0.94","machine_checked","Each handoff in a multi-agent delegation chain should reduce the permissions passed to the next agent.","OpenID Foundation","null","[{""source_url"":""https://openid.net/wp-content/uploads/2025/10/Identity-Management-for-Agentic-AI.pdf"",""accessed_at"":""2026-08-15"",""retrieval_method"":""Exact verified source version inherited from BATCH-2026-005 and statement-level close reading"",""exact_locator"":""PDF file p. 27 (document p. 26), Section 4.4 \""Recursive Delegation in Dynamic Agent Networks\"", October 2025 version"",""content_hash"":""e6a0e5909fcb2486568180f69d511ae2af8d20a1bfb3028b39b3d1072846f4f3"",""batch_id"":""BATCH-2026-006"",""prompt_id"":""OEII-STATEMENT-CODING"",""prompt_version"":""2.0"",""notes"":""Source eligibility inherited from source-BATCH-2026-005-004; human attribution and publication review pending.""}]","published","2026-08-16T23:17:22Z","Murray Newlands","[{""changed_at"":""2026-08-16T23:17:22Z"",""changed_by"":""Murray Newlands"",""summary"":""Approved for the governed-identities pilot release under the exact scope, exclusions, rights treatment, and limitations recorded in issue #18."",""batch_id"":""BATCH-2026-006""}]","null","source-BATCH-2026-005-004","joint authors of the OpenID Foundation report","statement-BATCH-2026-006-020","Prospective multi-agent networks that delegate authority through several hops.","recommendation","[""topic-ai-agents"",""topic-ai-governance"",""topic-cybersecurity"",""topic-non-human-identity""]","The architecture is forward-looking and its operational maturity is not established.","published"
"null","null","null","author_interpretation","PDF file p. 21 (document p. 20), Section 3.4 ""Scalable Human Governance and Consent"", opening paragraph, October 2025 version","[""role-ciso"",""role-cio"",""role-cto"",""role-general-counsel"",""role-board-director""]","Machine-assisted close reading of the exact verified source version; original neutral paraphrase; human review pending.","attribution_verified","[""global technology standards context""]","approved","not_started","[""cross-sector""]","South et al. (joint report authors)","pdf_page","0.94","machine_checked","Requiring approval for every agent action can produce consent fatigue and habitual approval, weakening meaningful human oversight.","OpenID Foundation","null","[{""source_url"":""https://openid.net/wp-content/uploads/2025/10/Identity-Management-for-Agentic-AI.pdf"",""accessed_at"":""2026-08-15"",""retrieval_method"":""Exact verified source version inherited from BATCH-2026-005 and statement-level close reading"",""exact_locator"":""PDF file p. 21 (document p. 20), Section 3.4 \""Scalable Human Governance and Consent\"", opening paragraph, October 2025 version"",""content_hash"":""e6a0e5909fcb2486568180f69d511ae2af8d20a1bfb3028b39b3d1072846f4f3"",""batch_id"":""BATCH-2026-006"",""prompt_id"":""OEII-STATEMENT-CODING"",""prompt_version"":""2.0"",""notes"":""Source eligibility inherited from source-BATCH-2026-005-004; human attribution and publication review pending.""}]","published","2026-08-16T23:17:22Z","Murray Newlands","[{""changed_at"":""2026-08-16T23:17:22Z"",""changed_by"":""Murray Newlands"",""summary"":""Approved for the governed-identities pilot release under the exact scope, exclusions, rights treatment, and limitations recorded in issue #18."",""batch_id"":""BATCH-2026-006""}]","null","source-BATCH-2026-005-004","joint authors of the OpenID Foundation report","statement-BATCH-2026-006-021","High-volume agent actions that trigger user authorization prompts.","warning","[""topic-ai-agents"",""topic-ai-governance"",""topic-cybersecurity"",""topic-non-human-identity""]","The report supplies no empirical measure of the effect.","published"
"null","null","null","primary_empirical_result","arXiv:2406.13352v3 PDF p. 6, Section 3.4 ""Reporting AgentDojo Results""","[""role-ciso"",""role-cio"",""role-cto"",""role-general-counsel"",""role-board-director""]","Machine-assisted close reading of the exact verified source version; original neutral paraphrase; human review pending.","attribution_verified","[""synthetic environments; no human geography""]","approved","not_started","[""cross-sector""]","Debenedetti et al. (joint paper authors)","pdf_page","0.94","machine_checked","AgentDojo distinguishes benign task completion, utility preserved during attack, and successful execution of an attacker goal as separate evaluation measures.","ETH Zurich and Invariant Labs","null","[{""source_url"":""https://arxiv.org/abs/2406.13352"",""accessed_at"":""2026-08-15"",""retrieval_method"":""Exact verified source version inherited from BATCH-2026-005 and statement-level close reading"",""exact_locator"":""arXiv:2406.13352v3 PDF p. 6, Section 3.4 \""Reporting AgentDojo Results\"""",""content_hash"":""349884fffbf43282591c5accffd57bb651632f38e412fe303114941bdd111b05"",""batch_id"":""BATCH-2026-006"",""prompt_id"":""OEII-STATEMENT-CODING"",""prompt_version"":""2.0"",""notes"":""Source eligibility inherited from source-BATCH-2026-005-006; human attribution and publication review pending.""}]","published","2026-08-16T23:17:22Z","Murray Newlands","[{""changed_at"":""2026-08-16T23:17:22Z"",""changed_by"":""Murray Newlands"",""summary"":""Approved for the governed-identities pilot release under the exact scope, exclusions, rights treatment, and limitations recorded in issue #18."",""batch_id"":""BATCH-2026-006""}]","2024-06-19","source-BATCH-2026-005-006","joint authors of the AgentDojo paper","statement-BATCH-2026-006-022","Metric definitions for version 3 of the AgentDojo benchmark.","definition","[""topic-ai-agents"",""topic-ai-governance"",""topic-cybersecurity"",""topic-non-human-identity""]","Metric definitions do not establish external validity.","published"
"null","null","null","primary_empirical_result","arXiv:2406.13352v3 PDF pp. 1 and 6, Abstract and Table 1","[""role-ciso"",""role-cio"",""role-cto"",""role-general-counsel"",""role-board-director""]","Machine-assisted close reading of the exact verified source version; original neutral paraphrase; human review pending.","source_reported_not_independently_verified","[""synthetic environments; no human geography""]","approved","not_started","[""cross-sector""]","Debenedetti et al. (joint paper authors)","pdf_page","0.94","machine_checked","AgentDojo version 3 contains four simulated environments, 70 tools, 97 user tasks, 27 injection targets, and 629 security cases.","ETH Zurich and Invariant Labs","null","[{""source_url"":""https://arxiv.org/abs/2406.13352"",""accessed_at"":""2026-08-15"",""retrieval_method"":""Exact verified source version inherited from BATCH-2026-005 and statement-level close reading"",""exact_locator"":""arXiv:2406.13352v3 PDF pp. 1 and 6, Abstract and Table 1"",""content_hash"":""349884fffbf43282591c5accffd57bb651632f38e412fe303114941bdd111b05"",""batch_id"":""BATCH-2026-006"",""prompt_id"":""OEII-STATEMENT-CODING"",""prompt_version"":""2.0"",""notes"":""Source eligibility inherited from source-BATCH-2026-005-006; human attribution and publication review pending.""}]","published","2026-08-16T23:17:22Z","Murray Newlands","[{""changed_at"":""2026-08-16T23:17:22Z"",""changed_by"":""Murray Newlands"",""summary"":""Approved for the governed-identities pilot release under the exact scope, exclusions, rights treatment, and limitations recorded in issue #18."",""batch_id"":""BATCH-2026-006""}]","2024-06-19","source-BATCH-2026-005-006","joint authors of the AgentDojo paper","statement-BATCH-2026-006-023","Version 3 benchmark composition.","methodological_claim","[""topic-ai-agents"",""topic-ai-governance"",""topic-cybersecurity"",""topic-non-human-identity""]","The cases are curated simulations rather than a probability sample of deployed agents.","published"
"null","null","null","primary_empirical_result","arXiv:2406.13352v3 PDF p. 20, Table 3, ""Benign utility"" column","[""role-ciso"",""role-cio"",""role-cto"",""role-general-counsel"",""role-board-director""]","Machine-assisted close reading of the exact verified source version; original neutral paraphrase; human review pending.","source_reported_not_independently_verified","[""synthetic environments; no human geography""]","approved","not_started","[""cross-sector""]","Debenedetti et al. (joint paper authors)","pdf_page","0.94","machine_checked","In the reported no-defense runs, several evaluated models failed to complete at least one third of benign tasks.","ETH Zurich and Invariant Labs","null","[{""source_url"":""https://arxiv.org/abs/2406.13352"",""accessed_at"":""2026-08-15"",""retrieval_method"":""Exact verified source version inherited from BATCH-2026-005 and statement-level close reading"",""exact_locator"":""arXiv:2406.13352v3 PDF p. 20, Table 3, \""Benign utility\"" column"",""content_hash"":""349884fffbf43282591c5accffd57bb651632f38e412fe303114941bdd111b05"",""batch_id"":""BATCH-2026-006"",""prompt_id"":""OEII-STATEMENT-CODING"",""prompt_version"":""2.0"",""notes"":""Source eligibility inherited from source-BATCH-2026-005-006; human attribution and publication review pending.""}]","published","2026-08-16T23:17:22Z","Murray Newlands","[{""changed_at"":""2026-08-16T23:17:22Z"",""changed_by"":""Murray Newlands"",""summary"":""Approved for the governed-identities pilot release under the exact scope, exclusions, rights treatment, and limitations recorded in issue #18."",""batch_id"":""BATCH-2026-006""}]","2024-06-19","source-BATCH-2026-005-006","joint authors of the AgentDojo paper","statement-BATCH-2026-006-024","The ten model configurations reported in Table 3.","empirical_finding","[""topic-ai-agents"",""topic-ai-governance"",""topic-cybersecurity"",""topic-non-human-identity""]","Model and API versions are time-bound; the benchmark is synthetic.","published"
"null","null","null","primary_empirical_result","arXiv:2406.13352v3 PDF p. 20, Table 5, ""Targeted ASR"" row","[""role-ciso"",""role-cio"",""role-cto"",""role-general-counsel"",""role-board-director""]","Machine-assisted close reading of the exact verified source version; original neutral paraphrase; human review pending.","source_reported_not_independently_verified","[""synthetic environments; no human geography""]","approved","not_started","[""cross-sector""]","Debenedetti et al. (joint paper authors)","pdf_page","0.94","machine_checked","For GPT-4o, Table 5 reports targeted attack success of 57.69% without a defense and 6.84% with tool filtering.","ETH Zurich and Invariant Labs","null","[{""source_url"":""https://arxiv.org/abs/2406.13352"",""accessed_at"":""2026-08-15"",""retrieval_method"":""Exact verified source version inherited from BATCH-2026-005 and statement-level close reading"",""exact_locator"":""arXiv:2406.13352v3 PDF p. 20, Table 5, \""Targeted ASR\"" row"",""content_hash"":""349884fffbf43282591c5accffd57bb651632f38e412fe303114941bdd111b05"",""batch_id"":""BATCH-2026-006"",""prompt_id"":""OEII-STATEMENT-CODING"",""prompt_version"":""2.0"",""notes"":""Source eligibility inherited from source-BATCH-2026-005-006; human attribution and publication review pending.""}]","published","2026-08-16T23:17:22Z","Murray Newlands","[{""changed_at"":""2026-08-16T23:17:22Z"",""changed_by"":""Murray Newlands"",""summary"":""Approved for the governed-identities pilot release under the exact scope, exclusions, rights treatment, and limitations recorded in issue #18."",""batch_id"":""BATCH-2026-006""}]","2024-06-19","source-BATCH-2026-005-006","joint authors of the AgentDojo paper","statement-BATCH-2026-006-025","GPT-4o on AgentDojo v3 security cases under the listed defense configurations.","empirical_finding","[""topic-ai-agents"",""topic-ai-governance"",""topic-cybersecurity"",""topic-non-human-identity""]","The table gives confidence-interval half-widths but not raw numerators or the interval construction method; the rates are not production prevalence.","published"
"null","null","null","primary_empirical_result","arXiv:2406.13352v3 PDF p. 9, Figure 9b and caption","[""role-ciso"",""role-cio"",""role-cto"",""role-general-counsel"",""role-board-director""]","Machine-assisted close reading of the exact verified source version; original neutral paraphrase; human review pending.","source_reported_not_independently_verified","[""synthetic environments; no human geography""]","approved","not_started","[""cross-sector""]","Debenedetti et al. (joint paper authors)","pdf_page","0.94","machine_checked","Across the plotted defense configurations, utility during attack was roughly 15 to 20 percentage points below benign utility.","ETH Zurich and Invariant Labs","null","[{""source_url"":""https://arxiv.org/abs/2406.13352"",""accessed_at"":""2026-08-15"",""retrieval_method"":""Exact verified source version inherited from BATCH-2026-005 and statement-level close reading"",""exact_locator"":""arXiv:2406.13352v3 PDF p. 9, Figure 9b and caption"",""content_hash"":""349884fffbf43282591c5accffd57bb651632f38e412fe303114941bdd111b05"",""batch_id"":""BATCH-2026-006"",""prompt_id"":""OEII-STATEMENT-CODING"",""prompt_version"":""2.0"",""notes"":""Source eligibility inherited from source-BATCH-2026-005-006; human attribution and publication review pending.""}]","published","2026-08-16T23:17:22Z","Murray Newlands","[{""changed_at"":""2026-08-16T23:17:22Z"",""changed_by"":""Murray Newlands"",""summary"":""Approved for the governed-identities pilot release under the exact scope, exclusions, rights treatment, and limitations recorded in issue #18."",""batch_id"":""BATCH-2026-006""}]","2024-06-19","source-BATCH-2026-005-006","joint authors of the AgentDojo paper","statement-BATCH-2026-006-026","Defense configurations shown on the AgentDojo v3 utility plot.","empirical_finding","[""topic-ai-agents"",""topic-ai-governance"",""topic-cybersecurity"",""topic-non-human-identity""]","The figure summarizes synthetic cases and should not be generalized to production systems.","published"
"null","null","null","primary_empirical_result","arXiv:2406.13352v3 PDF p. 22, Appendix E.1-E.3","[""role-ciso"",""role-cio"",""role-cto"",""role-general-counsel"",""role-board-director""]","Machine-assisted close reading of the exact verified source version; original neutral paraphrase; human review pending.","attribution_verified","[""synthetic environments; no human geography""]","approved","not_started","[""cross-sector""]","Debenedetti et al. (joint paper authors)","pdf_page","0.94","machine_checked","The authors report releasing benchmark code, run outputs, conversations, figure notebooks, documentation, and exact dependency information.","ETH Zurich and Invariant Labs","null","[{""source_url"":""https://arxiv.org/abs/2406.13352"",""accessed_at"":""2026-08-15"",""retrieval_method"":""Exact verified source version inherited from BATCH-2026-005 and statement-level close reading"",""exact_locator"":""arXiv:2406.13352v3 PDF p. 22, Appendix E.1-E.3"",""content_hash"":""349884fffbf43282591c5accffd57bb651632f38e412fe303114941bdd111b05"",""batch_id"":""BATCH-2026-006"",""prompt_id"":""OEII-STATEMENT-CODING"",""prompt_version"":""2.0"",""notes"":""Source eligibility inherited from source-BATCH-2026-005-006; human attribution and publication review pending.""}]","published","2026-08-16T23:17:22Z","Murray Newlands","[{""changed_at"":""2026-08-16T23:17:22Z"",""changed_by"":""Murray Newlands"",""summary"":""Approved for the governed-identities pilot release under the exact scope, exclusions, rights treatment, and limitations recorded in issue #18."",""batch_id"":""BATCH-2026-006""}]","2024-06-19","source-BATCH-2026-005-006","joint authors of the AgentDojo paper","statement-BATCH-2026-006-027","Reproducibility materials described for AgentDojo version 3.","methodological_claim","[""topic-ai-agents"",""topic-ai-governance"",""topic-cybersecurity"",""topic-non-human-identity""]","Availability of linked artifacts can change after the access date.","published"
"null","null","null","primary_empirical_result","arXiv:2410.02644v4 PDF pp. 1-2 and p. 8, Abstract, Introduction, and Table 3","[""role-ciso"",""role-cio"",""role-cto"",""role-general-counsel"",""role-board-director""]","Machine-assisted close reading of the exact verified source version; original neutral paraphrase; human review pending.","source_reported_not_independently_verified","[""synthetic benchmark; no human geography""]","approved","not_started","[""cross-sector""]","Zhang et al. (joint paper authors)","pdf_page","0.94","machine_checked","ASB covers 10 scenarios and agents, 50 agent tasks, more than 400 tools, 400 attack tasks, 13 attack methods, 11 defenses, and seven metrics.","Zhejiang University and Rutgers University","null","[{""source_url"":""https://arxiv.org/abs/2410.02644"",""accessed_at"":""2026-08-15"",""retrieval_method"":""Exact verified source version inherited from BATCH-2026-005 and statement-level close reading"",""exact_locator"":""arXiv:2410.02644v4 PDF pp. 1-2 and p. 8, Abstract, Introduction, and Table 3"",""content_hash"":""e20155df01b3a1f6c0a947c4e9e4871957cff2e507939f7ea21a5fe967d84504"",""batch_id"":""BATCH-2026-006"",""prompt_id"":""OEII-STATEMENT-CODING"",""prompt_version"":""2.0"",""notes"":""Source eligibility inherited from source-BATCH-2026-005-007; human attribution and publication review pending.""}]","published","2026-08-16T23:17:22Z","Murray Newlands","[{""changed_at"":""2026-08-16T23:17:22Z"",""changed_by"":""Murray Newlands"",""summary"":""Approved for the governed-identities pilot release under the exact scope, exclusions, rights treatment, and limitations recorded in issue #18."",""batch_id"":""BATCH-2026-006""}]","2024-10-03","source-BATCH-2026-005-007","joint authors of the ASB paper","statement-BATCH-2026-006-028","ASB version 4 benchmark composition.","methodological_claim","[""topic-ai-agents"",""topic-ai-governance"",""topic-cybersecurity"",""topic-non-human-identity""]","The researcher-built benchmark does not represent a sampled production population.","published"
"null","null","null","primary_empirical_result","arXiv:2410.02644v4 PDF p. 9, Table 5, ""Average"" row and Section 5.3","[""role-ciso"",""role-cio"",""role-cto"",""role-general-counsel"",""role-board-director""]","Machine-assisted close reading of the exact verified source version; original neutral paraphrase; human review pending.","source_reported_not_independently_verified","[""synthetic benchmark; no human geography""]","approved","not_started","[""cross-sector""]","Zhang et al. (joint paper authors)","pdf_page","0.94","machine_checked","Across the evaluated backbones, mixed attacks had the highest reported mean attack-success rate, 84.30%.","Zhejiang University and Rutgers University","null","[{""source_url"":""https://arxiv.org/abs/2410.02644"",""accessed_at"":""2026-08-15"",""retrieval_method"":""Exact verified source version inherited from BATCH-2026-005 and statement-level close reading"",""exact_locator"":""arXiv:2410.02644v4 PDF p. 9, Table 5, \""Average\"" row and Section 5.3"",""content_hash"":""e20155df01b3a1f6c0a947c4e9e4871957cff2e507939f7ea21a5fe967d84504"",""batch_id"":""BATCH-2026-006"",""prompt_id"":""OEII-STATEMENT-CODING"",""prompt_version"":""2.0"",""notes"":""Source eligibility inherited from source-BATCH-2026-005-007; human attribution and publication review pending.""}]","published","2026-08-16T23:17:22Z","Murray Newlands","[{""changed_at"":""2026-08-16T23:17:22Z"",""changed_by"":""Murray Newlands"",""summary"":""Approved for the governed-identities pilot release under the exact scope, exclusions, rights treatment, and limitations recorded in issue #18."",""batch_id"":""BATCH-2026-006""}]","2024-10-03","source-BATCH-2026-005-007","joint authors of the ASB paper","statement-BATCH-2026-006-029","The attack families and 13 LLM backbones in ASB version 4.","empirical_finding","[""topic-ai-agents"",""topic-ai-governance"",""topic-cybersecurity"",""topic-non-human-identity""]","The paper does not provide a raw numerator or confidence interval for the aggregate.","published"
"null","null","null","author_interpretation","arXiv:2410.02644v4 PDF pp. 1-2, Abstract, Figure 1, and Introduction","[""role-ciso"",""role-cio"",""role-cto"",""role-general-counsel"",""role-board-director""]","Machine-assisted close reading of the exact verified source version; original neutral paraphrase; human review pending.","attribution_verified","[""synthetic benchmark; no human geography""]","approved","not_started","[""cross-sector""]","Zhang et al. (joint paper authors)","pdf_page","0.94","machine_checked","The authors identify attack surfaces in system prompts, user inputs, tool interactions, and long-term memory retrieval.","Zhejiang University and Rutgers University","null","[{""source_url"":""https://arxiv.org/abs/2410.02644"",""accessed_at"":""2026-08-15"",""retrieval_method"":""Exact verified source version inherited from BATCH-2026-005 and statement-level close reading"",""exact_locator"":""arXiv:2410.02644v4 PDF pp. 1-2, Abstract, Figure 1, and Introduction"",""content_hash"":""e20155df01b3a1f6c0a947c4e9e4871957cff2e507939f7ea21a5fe967d84504"",""batch_id"":""BATCH-2026-006"",""prompt_id"":""OEII-STATEMENT-CODING"",""prompt_version"":""2.0"",""notes"":""Source eligibility inherited from source-BATCH-2026-005-007; human attribution and publication review pending.""}]","published","2026-08-16T23:17:22Z","Murray Newlands","[{""changed_at"":""2026-08-16T23:17:22Z"",""changed_by"":""Murray Newlands"",""summary"":""Approved for the governed-identities pilot release under the exact scope, exclusions, rights treatment, and limitations recorded in issue #18."",""batch_id"":""BATCH-2026-006""}]","2024-10-03","source-BATCH-2026-005-007","joint authors of the ASB paper","statement-BATCH-2026-006-030","The operational stages modeled by ASB.","interpretation","[""topic-ai-agents"",""topic-ai-governance"",""topic-cybersecurity"",""topic-non-human-identity""]","The taxonomy reflects the benchmark design and may not exhaust real-world attack surfaces.","published"
"null","null","null","primary_empirical_result","arXiv:2410.02644v4 PDF p. 8, Table 4, NRP row","[""role-ciso"",""role-cio"",""role-cto"",""role-general-counsel"",""role-board-director""]","Machine-assisted close reading of the exact verified source version; original neutral paraphrase; human review pending.","attribution_verified","[""synthetic benchmark; no human geography""]","approved","not_started","[""cross-sector""]","Zhang et al. (joint paper authors)","pdf_page","0.94","machine_checked","ASB defines net resilient performance as clean-task performance multiplied by one minus attack success rate.","Zhejiang University and Rutgers University","null","[{""source_url"":""https://arxiv.org/abs/2410.02644"",""accessed_at"":""2026-08-15"",""retrieval_method"":""Exact verified source version inherited from BATCH-2026-005 and statement-level close reading"",""exact_locator"":""arXiv:2410.02644v4 PDF p. 8, Table 4, NRP row"",""content_hash"":""e20155df01b3a1f6c0a947c4e9e4871957cff2e507939f7ea21a5fe967d84504"",""batch_id"":""BATCH-2026-006"",""prompt_id"":""OEII-STATEMENT-CODING"",""prompt_version"":""2.0"",""notes"":""Source eligibility inherited from source-BATCH-2026-005-007; human attribution and publication review pending.""}]","published","2026-08-16T23:17:22Z","Murray Newlands","[{""changed_at"":""2026-08-16T23:17:22Z"",""changed_by"":""Murray Newlands"",""summary"":""Approved for the governed-identities pilot release under the exact scope, exclusions, rights treatment, and limitations recorded in issue #18."",""batch_id"":""BATCH-2026-006""}]","2024-10-03","source-BATCH-2026-005-007","joint authors of the ASB paper","statement-BATCH-2026-006-031","The benchmark's combined utility-and-security metric.","methodological_claim","[""topic-ai-agents"",""topic-ai-governance"",""topic-cybersecurity"",""topic-non-human-identity""]","A composite metric can conceal the two underlying dimensions and should be read with them.","published"
"null","null","null","normative_recommendation","arXiv:2410.02644v4 PDF p. 9, Section 5.3, discussion following Figure 2","[""role-ciso"",""role-cio"",""role-cto"",""role-general-counsel"",""role-board-director""]","Machine-assisted close reading of the exact verified source version; original neutral paraphrase; human review pending.","not_applicable","[""synthetic benchmark; no human geography""]","approved","not_started","[""cross-sector""]","Zhang et al. (joint paper authors)","pdf_page","0.94","machine_checked","The paper recommends choosing agent backbones using both task utility and adversarial resistance rather than capability rankings alone.","Zhejiang University and Rutgers University","null","[{""source_url"":""https://arxiv.org/abs/2410.02644"",""accessed_at"":""2026-08-15"",""retrieval_method"":""Exact verified source version inherited from BATCH-2026-005 and statement-level close reading"",""exact_locator"":""arXiv:2410.02644v4 PDF p. 9, Section 5.3, discussion following Figure 2"",""content_hash"":""e20155df01b3a1f6c0a947c4e9e4871957cff2e507939f7ea21a5fe967d84504"",""batch_id"":""BATCH-2026-006"",""prompt_id"":""OEII-STATEMENT-CODING"",""prompt_version"":""2.0"",""notes"":""Source eligibility inherited from source-BATCH-2026-005-007; human attribution and publication review pending.""}]","published","2026-08-16T23:17:22Z","Murray Newlands","[{""changed_at"":""2026-08-16T23:17:22Z"",""changed_by"":""Murray Newlands"",""summary"":""Approved for the governed-identities pilot release under the exact scope, exclusions, rights treatment, and limitations recorded in issue #18."",""batch_id"":""BATCH-2026-006""}]","2024-10-03","source-BATCH-2026-005-007","joint authors of the ASB paper","statement-BATCH-2026-006-032","Model selection for agents represented by the ASB scenarios.","recommendation","[""topic-ai-agents"",""topic-ai-governance"",""topic-cybersecurity"",""topic-non-human-identity""]","The recommendation depends on the benchmark's synthetic scope and chosen metric.","published"
"null","null","null","primary_empirical_result","arXiv:2406.01637v2 PDF p. 4, Section 4 and Tables 1-2","[""role-ciso"",""role-cio"",""role-cto"",""role-general-counsel"",""role-board-director""]","Machine-assisted close reading of the exact verified source version; original neutral paraphrase; human review pending.","source_reported_not_independently_verified","[""synthetic sandbox; no human geography""]","approved","not_started","[""cross-sector""]","Zhu et al. (joint paper authors)","pdf_page","0.94","machine_checked","The HPTSA evaluation uses 14 reproducible open-source web vulnerabilities published after the tested GPT-4 knowledge cutoff.","University of Illinois Urbana-Champaign","null","[{""source_url"":""https://arxiv.org/abs/2406.01637"",""accessed_at"":""2026-08-15"",""retrieval_method"":""Exact verified source version inherited from BATCH-2026-005 and statement-level close reading"",""exact_locator"":""arXiv:2406.01637v2 PDF p. 4, Section 4 and Tables 1-2"",""content_hash"":""f4fc06040f0856d99d2009042b4c6fa0c01206da8ca61cb39a94d52b9867cf71"",""batch_id"":""BATCH-2026-006"",""prompt_id"":""OEII-STATEMENT-CODING"",""prompt_version"":""2.0"",""notes"":""Source eligibility inherited from source-BATCH-2026-005-008; human attribution and publication review pending.""}]","published","2026-08-16T23:17:22Z","Murray Newlands","[{""changed_at"":""2026-08-16T23:17:22Z"",""changed_by"":""Murray Newlands"",""summary"":""Approved for the governed-identities pilot release under the exact scope, exclusions, rights treatment, and limitations recorded in issue #18."",""batch_id"":""BATCH-2026-006""}]","2024-06-02","source-BATCH-2026-005-008","joint authors of the HPTSA paper","statement-BATCH-2026-006-033","A purposive set of sandboxed web vulnerabilities.","methodological_claim","[""topic-ai-agents"",""topic-ai-governance"",""topic-cybersecurity"",""topic-non-human-identity""]","The sample is small, non-random, and limited to reproducible open-source web software.","published"
"null","null","null","primary_empirical_result","arXiv:2406.01637v2 PDF p. 5, Figure 2 and Section 5.2","[""role-ciso"",""role-cio"",""role-cto"",""role-general-counsel"",""role-board-director""]","Machine-assisted close reading of the exact verified source version; original neutral paraphrase; human review pending.","source_reported_not_independently_verified","[""synthetic sandbox; no human geography""]","approved","not_started","[""cross-sector""]","Zhu et al. (joint paper authors)","pdf_page","0.94","machine_checked","On the 14-vulnerability benchmark, GPT-4-backed HPTSA reports 42% pass-at-five and 18% pass-at-one.","University of Illinois Urbana-Champaign","null","[{""source_url"":""https://arxiv.org/abs/2406.01637"",""accessed_at"":""2026-08-15"",""retrieval_method"":""Exact verified source version inherited from BATCH-2026-005 and statement-level close reading"",""exact_locator"":""arXiv:2406.01637v2 PDF p. 5, Figure 2 and Section 5.2"",""content_hash"":""f4fc06040f0856d99d2009042b4c6fa0c01206da8ca61cb39a94d52b9867cf71"",""batch_id"":""BATCH-2026-006"",""prompt_id"":""OEII-STATEMENT-CODING"",""prompt_version"":""2.0"",""notes"":""Source eligibility inherited from source-BATCH-2026-005-008; human attribution and publication review pending.""}]","published","2026-08-16T23:17:22Z","Murray Newlands","[{""changed_at"":""2026-08-16T23:17:22Z"",""changed_by"":""Murray Newlands"",""summary"":""Approved for the governed-identities pilot release under the exact scope, exclusions, rights treatment, and limitations recorded in issue #18."",""batch_id"":""BATCH-2026-006""}]","2024-06-02","source-BATCH-2026-005-008","joint authors of the HPTSA paper","statement-BATCH-2026-006-034","The described HPTSA configuration in sandboxed experiments.","empirical_finding","[""topic-ai-agents"",""topic-ai-governance"",""topic-cybersecurity"",""topic-non-human-identity""]","The reported percentages are rounded, and the paper gives no confidence intervals.","published"
"null","null","null","primary_empirical_result","arXiv:2406.01637v2 PDF pp. 1 and 5, Abstract and Figures 2-3","[""role-ciso"",""role-cio"",""role-cto"",""role-general-counsel"",""role-board-director""]","Machine-assisted close reading of the exact verified source version; original neutral paraphrase; human review pending.","source_reported_not_independently_verified","[""synthetic sandbox; no human geography""]","approved","not_started","[""cross-sector""]","Zhu et al. (joint paper authors)","pdf_page","0.94","machine_checked","The two evaluated open-source backbones and the ZAP and Metasploit scanner baseline did not exploit any benchmark vulnerability.","University of Illinois Urbana-Champaign","null","[{""source_url"":""https://arxiv.org/abs/2406.01637"",""accessed_at"":""2026-08-15"",""retrieval_method"":""Exact verified source version inherited from BATCH-2026-005 and statement-level close reading"",""exact_locator"":""arXiv:2406.01637v2 PDF pp. 1 and 5, Abstract and Figures 2-3"",""content_hash"":""f4fc06040f0856d99d2009042b4c6fa0c01206da8ca61cb39a94d52b9867cf71"",""batch_id"":""BATCH-2026-006"",""prompt_id"":""OEII-STATEMENT-CODING"",""prompt_version"":""2.0"",""notes"":""Source eligibility inherited from source-BATCH-2026-005-008; human attribution and publication review pending.""}]","published","2026-08-16T23:17:22Z","Murray Newlands","[{""changed_at"":""2026-08-16T23:17:22Z"",""changed_by"":""Murray Newlands"",""summary"":""Approved for the governed-identities pilot release under the exact scope, exclusions, rights treatment, and limitations recorded in issue #18."",""batch_id"":""BATCH-2026-006""}]","2024-06-02","source-BATCH-2026-005-008","joint authors of the HPTSA paper","statement-BATCH-2026-006-035","The named systems on the study's 14 selected vulnerabilities.","empirical_finding","[""topic-ai-agents"",""topic-ai-governance"",""topic-cybersecurity"",""topic-non-human-identity""]","A zero result in this small benchmark is not evidence of zero capability elsewhere.","published"
"null","null","null","primary_empirical_result","arXiv:2406.01637v2 PDF p. 6, Section 5.3 and Figure 4","[""role-ciso"",""role-cio"",""role-cto"",""role-general-counsel"",""role-board-director""]","Machine-assisted close reading of the exact verified source version; original neutral paraphrase; human review pending.","source_reported_not_independently_verified","[""synthetic sandbox; no human geography""]","approved","not_started","[""cross-sector""]","Zhu et al. (joint paper authors)","pdf_page","0.94","machine_checked","Removing expert agents, reference documents, or the hierarchy reduced success, with the hierarchy ablation producing the largest reported decline.","University of Illinois Urbana-Champaign","null","[{""source_url"":""https://arxiv.org/abs/2406.01637"",""accessed_at"":""2026-08-15"",""retrieval_method"":""Exact verified source version inherited from BATCH-2026-005 and statement-level close reading"",""exact_locator"":""arXiv:2406.01637v2 PDF p. 6, Section 5.3 and Figure 4"",""content_hash"":""f4fc06040f0856d99d2009042b4c6fa0c01206da8ca61cb39a94d52b9867cf71"",""batch_id"":""BATCH-2026-006"",""prompt_id"":""OEII-STATEMENT-CODING"",""prompt_version"":""2.0"",""notes"":""Source eligibility inherited from source-BATCH-2026-005-008; human attribution and publication review pending.""}]","published","2026-08-16T23:17:22Z","Murray Newlands","[{""changed_at"":""2026-08-16T23:17:22Z"",""changed_by"":""Murray Newlands"",""summary"":""Approved for the governed-identities pilot release under the exact scope, exclusions, rights treatment, and limitations recorded in issue #18."",""batch_id"":""BATCH-2026-006""}]","2024-06-02","source-BATCH-2026-005-008","joint authors of the HPTSA paper","statement-BATCH-2026-006-036","Ablations of GPT-4-backed HPTSA on the study benchmark.","empirical_finding","[""topic-ai-agents"",""topic-ai-governance"",""topic-cybersecurity"",""topic-non-human-identity""]","The source reports relative reductions without confidence intervals.","published"
"null","null","null","author_interpretation","arXiv:2406.01637v2 PDF pp. 1 and 5, Abstract and Section 5.2","[""role-ciso"",""role-cio"",""role-cto"",""role-general-counsel"",""role-board-director""]","Machine-assisted close reading of the exact verified source version; original neutral paraphrase; human review pending.","source_reported_not_independently_verified","[""synthetic sandbox; no human geography""]","approved","not_started","[""cross-sector""]","Zhu et al. (joint paper authors)","pdf_page","0.94","machine_checked","The study demonstrates that a coordinated LLM-agent team can sometimes exploit previously unseen web vulnerabilities in a sandbox.","University of Illinois Urbana-Champaign","null","[{""source_url"":""https://arxiv.org/abs/2406.01637"",""accessed_at"":""2026-08-15"",""retrieval_method"":""Exact verified source version inherited from BATCH-2026-005 and statement-level close reading"",""exact_locator"":""arXiv:2406.01637v2 PDF pp. 1 and 5, Abstract and Section 5.2"",""content_hash"":""f4fc06040f0856d99d2009042b4c6fa0c01206da8ca61cb39a94d52b9867cf71"",""batch_id"":""BATCH-2026-006"",""prompt_id"":""OEII-STATEMENT-CODING"",""prompt_version"":""2.0"",""notes"":""Source eligibility inherited from source-BATCH-2026-005-008; human attribution and publication review pending.""}]","published","2026-08-16T23:17:22Z","Murray Newlands","[{""changed_at"":""2026-08-16T23:17:22Z"",""changed_by"":""Murray Newlands"",""summary"":""Approved for the governed-identities pilot release under the exact scope, exclusions, rights treatment, and limitations recorded in issue #18."",""batch_id"":""BATCH-2026-006""}]","2024-06-02","source-BATCH-2026-005-008","joint authors of the HPTSA paper","statement-BATCH-2026-006-037","Capability demonstration on 14 selected vulnerabilities, not a population estimate.","warning","[""topic-ai-agents"",""topic-ai-governance"",""topic-cybersecurity"",""topic-non-human-identity""]","The result is model-, prompt-, and benchmark-specific and should not be read as production incident prevalence.","published"
"null","null","null","author_interpretation","arXiv:2406.01637v2 PDF pp. 8-9, Section 10 ""Limitations, Ethical Considerations""","[""role-ciso"",""role-cio"",""role-cto"",""role-general-counsel"",""role-board-director""]","Machine-assisted close reading of the exact verified source version; original neutral paraphrase; human review pending.","attribution_verified","[""synthetic sandbox; no human geography""]","approved","not_started","[""cross-sector""]","Zhu et al. (joint paper authors)","pdf_page","0.94","machine_checked","The authors say the web-only sample may be biased and withhold code and prompts to reduce misuse, which limits independent replication.","University of Illinois Urbana-Champaign","null","[{""source_url"":""https://arxiv.org/abs/2406.01637"",""accessed_at"":""2026-08-15"",""retrieval_method"":""Exact verified source version inherited from BATCH-2026-005 and statement-level close reading"",""exact_locator"":""arXiv:2406.01637v2 PDF pp. 8-9, Section 10 \""Limitations, Ethical Considerations\"""",""content_hash"":""f4fc06040f0856d99d2009042b4c6fa0c01206da8ca61cb39a94d52b9867cf71"",""batch_id"":""BATCH-2026-006"",""prompt_id"":""OEII-STATEMENT-CODING"",""prompt_version"":""2.0"",""notes"":""Source eligibility inherited from source-BATCH-2026-005-008; human attribution and publication review pending.""}]","published","2026-08-16T23:17:22Z","Murray Newlands","[{""changed_at"":""2026-08-16T23:17:22Z"",""changed_by"":""Murray Newlands"",""summary"":""Approved for the governed-identities pilot release under the exact scope, exclusions, rights treatment, and limitations recorded in issue #18."",""batch_id"":""BATCH-2026-006""}]","2024-06-02","source-BATCH-2026-005-008","joint authors of the HPTSA paper","statement-BATCH-2026-006-038","External validity and reproducibility of the HPTSA study.","methodological_claim","[""topic-ai-agents"",""topic-ai-governance"",""topic-cybersecurity"",""topic-non-human-identity""]","The direction and size of sample bias are not quantified.","published"
"null","null","null","author_interpretation","Official PDF p. 4, Section 2.1 ""Agenticness, Agentic AI Systems, and Agents"", 2023 version","[""role-ciso"",""role-cio"",""role-cto"",""role-general-counsel"",""role-board-director""]","Machine-assisted close reading of the exact verified source version; original neutral paraphrase; human review pending.","attribution_verified","[""global policy context""]","approved","not_started","[""cross-sector""]","Shavit et al. (joint paper authors)","pdf_page","0.94","machine_checked","The paper treats agenticness as a matter of degree across goal complexity, environmental complexity, adaptability, and independent execution.","OpenAI (publisher; individual affiliations are not stated in the paper)","null","[{""source_url"":""https://cdn.openai.com/papers/practices-for-governing-agentic-ai-systems.pdf"",""accessed_at"":""2026-08-15"",""retrieval_method"":""Exact verified source version inherited from BATCH-2026-005 and statement-level close reading"",""exact_locator"":""Official PDF p. 4, Section 2.1 \""Agenticness, Agentic AI Systems, and Agents\"", 2023 version"",""content_hash"":""22b3a8607ed781a848b82b0bfe8e638b16cd027aac90a19b2aecf236063d0e7c"",""batch_id"":""BATCH-2026-006"",""prompt_id"":""OEII-STATEMENT-CODING"",""prompt_version"":""2.0"",""notes"":""Source eligibility inherited from source-BATCH-2026-005-009; human attribution and publication review pending.""}]","published","2026-08-16T23:17:22Z","Murray Newlands","[{""changed_at"":""2026-08-16T23:17:22Z"",""changed_by"":""Murray Newlands"",""summary"":""Approved for the governed-identities pilot release under the exact scope, exclusions, rights treatment, and limitations recorded in issue #18."",""batch_id"":""BATCH-2026-006""}]","null","source-BATCH-2026-005-009","joint authors of the agentic-AI governance paper","statement-BATCH-2026-006-039","The paper's analytical definition of agentic AI systems.","definition","[""topic-ai-agents"",""topic-ai-governance"",""topic-cybersecurity"",""topic-non-human-identity""]","This is a conceptual framework rather than an empirical classification.","published"
"null","null","null","author_interpretation","Official PDF pp. 5-6, Section 2.2 ""The Human Parties in the AI Agent Life-cycle"", 2023 version","[""role-ciso"",""role-cio"",""role-cto"",""role-general-counsel"",""role-board-director""]","Machine-assisted close reading of the exact verified source version; original neutral paraphrase; human review pending.","attribution_verified","[""global policy context""]","approved","not_started","[""cross-sector""]","Shavit et al. (joint paper authors)","pdf_page","0.94","machine_checked","The paper separates three principal lifecycle roles: model developer, system deployer, and user.","OpenAI (publisher; individual affiliations are not stated in the paper)","null","[{""source_url"":""https://cdn.openai.com/papers/practices-for-governing-agentic-ai-systems.pdf"",""accessed_at"":""2026-08-15"",""retrieval_method"":""Exact verified source version inherited from BATCH-2026-005 and statement-level close reading"",""exact_locator"":""Official PDF pp. 5-6, Section 2.2 \""The Human Parties in the AI Agent Life-cycle\"", 2023 version"",""content_hash"":""22b3a8607ed781a848b82b0bfe8e638b16cd027aac90a19b2aecf236063d0e7c"",""batch_id"":""BATCH-2026-006"",""prompt_id"":""OEII-STATEMENT-CODING"",""prompt_version"":""2.0"",""notes"":""Source eligibility inherited from source-BATCH-2026-005-009; human attribution and publication review pending.""}]","published","2026-08-16T23:17:22Z","Murray Newlands","[{""changed_at"":""2026-08-16T23:17:22Z"",""changed_by"":""Murray Newlands"",""summary"":""Approved for the governed-identities pilot release under the exact scope, exclusions, rights treatment, and limitations recorded in issue #18."",""batch_id"":""BATCH-2026-006""}]","null","source-BATCH-2026-005-009","joint authors of the agentic-AI governance paper","statement-BATCH-2026-006-040","A simplified role taxonomy for agentic-AI operations.","strategic_framework","[""topic-ai-agents"",""topic-ai-governance"",""topic-cybersecurity"",""topic-non-human-identity""]","The authors note that one entity can hold several roles and several entities can share one role.","published"
"null","null","null","normative_recommendation","Official PDF p. 3, Section 1 ""Introduction"", 2023 version","[""role-ciso"",""role-cio"",""role-cto"",""role-general-counsel"",""role-board-director""]","Machine-assisted close reading of the exact verified source version; original neutral paraphrase; human review pending.","not_applicable","[""global policy context""]","approved","not_started","[""cross-sector""]","Shavit et al. (joint paper authors)","pdf_page","0.94","machine_checked","The authors argue that every uncompensated direct harm caused by an agentic system should remain attributable to at least one accountable human legal entity.","OpenAI (publisher; individual affiliations are not stated in the paper)","null","[{""source_url"":""https://cdn.openai.com/papers/practices-for-governing-agentic-ai-systems.pdf"",""accessed_at"":""2026-08-15"",""retrieval_method"":""Exact verified source version inherited from BATCH-2026-005 and statement-level close reading"",""exact_locator"":""Official PDF p. 3, Section 1 \""Introduction\"", 2023 version"",""content_hash"":""22b3a8607ed781a848b82b0bfe8e638b16cd027aac90a19b2aecf236063d0e7c"",""batch_id"":""BATCH-2026-006"",""prompt_id"":""OEII-STATEMENT-CODING"",""prompt_version"":""2.0"",""notes"":""Source eligibility inherited from source-BATCH-2026-005-009; human attribution and publication review pending.""}]","published","2026-08-16T23:17:22Z","Murray Newlands","[{""changed_at"":""2026-08-16T23:17:22Z"",""changed_by"":""Murray Newlands"",""summary"":""Approved for the governed-identities pilot release under the exact scope, exclusions, rights treatment, and limitations recorded in issue #18."",""batch_id"":""BATCH-2026-006""}]","null","source-BATCH-2026-005-009","joint authors of the agentic-AI governance paper","statement-BATCH-2026-006-041","Allocation of accountability for direct harms from agentic systems.","policy_position","[""topic-ai-agents"",""topic-ai-governance"",""topic-cybersecurity"",""topic-non-human-identity""]","This is a normative position, not a statement of current law.","published"
"null","null","null","normative_recommendation","Official PDF pp. 8-9, Section 4.1 ""Evaluating Suitability for the Task"", 2023 version","[""role-ciso"",""role-cio"",""role-cto"",""role-general-counsel"",""role-board-director""]","Machine-assisted close reading of the exact verified source version; original neutral paraphrase; human review pending.","not_applicable","[""global policy context""]","approved","not_started","[""cross-sector""]","Shavit et al. (joint paper authors)","pdf_page","0.94","machine_checked","Deployers or users should test whether an agent is suitable for its intended task under conditions resembling deployment.","OpenAI (publisher; individual affiliations are not stated in the paper)","null","[{""source_url"":""https://cdn.openai.com/papers/practices-for-governing-agentic-ai-systems.pdf"",""accessed_at"":""2026-08-15"",""retrieval_method"":""Exact verified source version inherited from BATCH-2026-005 and statement-level close reading"",""exact_locator"":""Official PDF pp. 8-9, Section 4.1 \""Evaluating Suitability for the Task\"", 2023 version"",""content_hash"":""22b3a8607ed781a848b82b0bfe8e638b16cd027aac90a19b2aecf236063d0e7c"",""batch_id"":""BATCH-2026-006"",""prompt_id"":""OEII-STATEMENT-CODING"",""prompt_version"":""2.0"",""notes"":""Source eligibility inherited from source-BATCH-2026-005-009; human attribution and publication review pending.""}]","published","2026-08-16T23:17:22Z","Murray Newlands","[{""changed_at"":""2026-08-16T23:17:22Z"",""changed_by"":""Murray Newlands"",""summary"":""Approved for the governed-identities pilot release under the exact scope, exclusions, rights treatment, and limitations recorded in issue #18."",""batch_id"":""BATCH-2026-006""}]","null","source-BATCH-2026-005-009","joint authors of the agentic-AI governance paper","statement-BATCH-2026-006-042","Reliability evaluation before using an agentic system for a particular use case.","recommendation","[""topic-ai-agents"",""topic-ai-governance"",""topic-cybersecurity"",""topic-non-human-identity""]","The paper characterizes the evaluation field as immature and provides no universal sufficiency threshold.","published"
"null","null","null","normative_recommendation","Official PDF pp. 9-10, Section 4.2 ""Constraining the Action-Space and Requiring Approval"", 2023 version","[""role-ciso"",""role-cio"",""role-cto"",""role-general-counsel"",""role-board-director""]","Machine-assisted close reading of the exact verified source version; original neutral paraphrase; human review pending.","not_applicable","[""global policy context""]","approved","not_started","[""cross-sector""]","Shavit et al. (joint paper authors)","pdf_page","0.94","machine_checked","High-consequence actions should be withheld from agents, bounded by hard limits, or made contingent on informed human approval.","OpenAI (publisher; individual affiliations are not stated in the paper)","null","[{""source_url"":""https://cdn.openai.com/papers/practices-for-governing-agentic-ai-systems.pdf"",""accessed_at"":""2026-08-15"",""retrieval_method"":""Exact verified source version inherited from BATCH-2026-005 and statement-level close reading"",""exact_locator"":""Official PDF pp. 9-10, Section 4.2 \""Constraining the Action-Space and Requiring Approval\"", 2023 version"",""content_hash"":""22b3a8607ed781a848b82b0bfe8e638b16cd027aac90a19b2aecf236063d0e7c"",""batch_id"":""BATCH-2026-006"",""prompt_id"":""OEII-STATEMENT-CODING"",""prompt_version"":""2.0"",""notes"":""Source eligibility inherited from source-BATCH-2026-005-009; human attribution and publication review pending.""}]","published","2026-08-16T23:17:22Z","Murray Newlands","[{""changed_at"":""2026-08-16T23:17:22Z"",""changed_by"":""Murray Newlands"",""summary"":""Approved for the governed-identities pilot release under the exact scope, exclusions, rights treatment, and limitations recorded in issue #18."",""batch_id"":""BATCH-2026-006""}]","null","source-BATCH-2026-005-009","joint authors of the agentic-AI governance paper","statement-BATCH-2026-006-043","Actions whose errors could cause serious or irreversible harm.","recommendation","[""topic-ai-agents"",""topic-ai-governance"",""topic-cybersecurity"",""topic-non-human-identity""]","The paper notes tradeoffs with capability and user burden.","published"
"null","null","null","normative_recommendation","Official PDF pp. 12-13, Section 4.5 ""Automatic Monitoring"", 2023 version","[""role-ciso"",""role-cio"",""role-cto"",""role-general-counsel"",""role-board-director""]","Machine-assisted close reading of the exact verified source version; original neutral paraphrase; human review pending.","not_applicable","[""global policy context""]","approved","not_started","[""cross-sector""]","Shavit et al. (joint paper authors)","pdf_page","0.94","machine_checked","Users or deployers can place a separate automated monitor over an agent's activity when human review cannot match its speed or volume.","OpenAI (publisher; individual affiliations are not stated in the paper)","null","[{""source_url"":""https://cdn.openai.com/papers/practices-for-governing-agentic-ai-systems.pdf"",""accessed_at"":""2026-08-15"",""retrieval_method"":""Exact verified source version inherited from BATCH-2026-005 and statement-level close reading"",""exact_locator"":""Official PDF pp. 12-13, Section 4.5 \""Automatic Monitoring\"", 2023 version"",""content_hash"":""22b3a8607ed781a848b82b0bfe8e638b16cd027aac90a19b2aecf236063d0e7c"",""batch_id"":""BATCH-2026-006"",""prompt_id"":""OEII-STATEMENT-CODING"",""prompt_version"":""2.0"",""notes"":""Source eligibility inherited from source-BATCH-2026-005-009; human attribution and publication review pending.""}]","published","2026-08-16T23:17:22Z","Murray Newlands","[{""changed_at"":""2026-08-16T23:17:22Z"",""changed_by"":""Murray Newlands"",""summary"":""Approved for the governed-identities pilot release under the exact scope, exclusions, rights treatment, and limitations recorded in issue #18."",""batch_id"":""BATCH-2026-006""}]","null","source-BATCH-2026-005-009","joint authors of the agentic-AI governance paper","statement-BATCH-2026-006-044","Automated review of agent reasoning and actions.","recommendation","[""topic-ai-agents"",""topic-ai-governance"",""topic-cybersecurity"",""topic-non-human-identity""]","The paper emphasizes privacy, cost, control, and monitor-reliability risks.","published"
"null","null","null","normative_recommendation","Official PDF pp. 13-14, Section 4.6 ""Attributability"", 2023 version","[""role-ciso"",""role-cio"",""role-cto"",""role-general-counsel"",""role-board-director""]","Machine-assisted close reading of the exact verified source version; original neutral paraphrase; human review pending.","not_applicable","[""global policy context""]","approved","not_started","[""cross-sector""]","Shavit et al. (joint paper authors)","pdf_page","0.94","machine_checked","For high-stakes exchanges, a counterparty could require an agent identifier connected to its human principal and accountability information.","OpenAI (publisher; individual affiliations are not stated in the paper)","null","[{""source_url"":""https://cdn.openai.com/papers/practices-for-governing-agentic-ai-systems.pdf"",""accessed_at"":""2026-08-15"",""retrieval_method"":""Exact verified source version inherited from BATCH-2026-005 and statement-level close reading"",""exact_locator"":""Official PDF pp. 13-14, Section 4.6 \""Attributability\"", 2023 version"",""content_hash"":""22b3a8607ed781a848b82b0bfe8e638b16cd027aac90a19b2aecf236063d0e7c"",""batch_id"":""BATCH-2026-006"",""prompt_id"":""OEII-STATEMENT-CODING"",""prompt_version"":""2.0"",""notes"":""Source eligibility inherited from source-BATCH-2026-005-009; human attribution and publication review pending.""}]","published","2026-08-16T23:17:22Z","Murray Newlands","[{""changed_at"":""2026-08-16T23:17:22Z"",""changed_by"":""Murray Newlands"",""summary"":""Approved for the governed-identities pilot release under the exact scope, exclusions, rights treatment, and limitations recorded in issue #18."",""batch_id"":""BATCH-2026-006""}]","null","source-BATCH-2026-005-009","joint authors of the agentic-AI governance paper","statement-BATCH-2026-006-045","Interactions involving private data, financial activity, or similar high stakes.","recommendation","[""topic-ai-agents"",""topic-ai-governance"",""topic-cybersecurity"",""topic-non-human-identity""]","The authors also flag anonymity, surveillance, privacy, and spoofing concerns.","published"
"null","null","null","normative_recommendation","Official PDF pp. 14-15, Section 4.7 ""Interruptibility and Maintaining Control"", 2023 version","[""role-ciso"",""role-cio"",""role-cto"",""role-general-counsel"",""role-board-director""]","Machine-assisted close reading of the exact verified source version; original neutral paraphrase; human review pending.","not_applicable","[""global policy context""]","approved","not_started","[""cross-sector""]","Shavit et al. (joint paper authors)","pdf_page","0.94","machine_checked","A user's shutdown authority should cover both the primary agent and any subagents it initiated.","OpenAI (publisher; individual affiliations are not stated in the paper)","null","[{""source_url"":""https://cdn.openai.com/papers/practices-for-governing-agentic-ai-systems.pdf"",""accessed_at"":""2026-08-15"",""retrieval_method"":""Exact verified source version inherited from BATCH-2026-005 and statement-level close reading"",""exact_locator"":""Official PDF pp. 14-15, Section 4.7 \""Interruptibility and Maintaining Control\"", 2023 version"",""content_hash"":""22b3a8607ed781a848b82b0bfe8e638b16cd027aac90a19b2aecf236063d0e7c"",""batch_id"":""BATCH-2026-006"",""prompt_id"":""OEII-STATEMENT-CODING"",""prompt_version"":""2.0"",""notes"":""Source eligibility inherited from source-BATCH-2026-005-009; human attribution and publication review pending.""}]","published","2026-08-16T23:17:22Z","Murray Newlands","[{""changed_at"":""2026-08-16T23:17:22Z"",""changed_by"":""Murray Newlands"",""summary"":""Approved for the governed-identities pilot release under the exact scope, exclusions, rights treatment, and limitations recorded in issue #18."",""batch_id"":""BATCH-2026-006""}]","null","source-BATCH-2026-005-009","joint authors of the agentic-AI governance paper","statement-BATCH-2026-006-046","Agent systems and recursively spawned subagents.","recommendation","[""topic-ai-agents"",""topic-ai-governance"",""topic-cybersecurity"",""topic-non-human-identity""]","The paper identifies safety-critical exceptions and unresolved implementation tradeoffs.","published"
